gene	scaffold	gene_id	gene_description	category	header	subheader	module	auxiliary_score	amg_flags
c_000002017599__full-cat_2_4	c_000002017599__full-cat_2							3	MKF
c_000002027994__full-cat_2_7	c_000002027994__full-cat_2	GT2	GT2 cellulose synthase (EC 2.4.1.12); chitin synthase (EC 2.4.1.16); dolichyl-phosphate beta-D-mannosyltransferase (EC 2.4.1.83); dolichyl-phosphate beta-glucosyltransferase (EC 2.4.1.117); N-acetylglucosaminyltransferase (EC 2.4.1.-); N-acetylgalactosaminyltransferase (EC 2.4.1.-); hyaluronan synthase (EC 2.4.1.212); chitin oligosaccharide synthase (EC 2.4.1.-); beta-1,3-glucan synthase (EC 2.4.1.34); beta-1,4-mannan synthase (EC 2.4.1.-); beta-mannosylphosphodecaprenol-mannooligosaccharide alpha-1,6-mannosyltransferase (EC 2.4.1.199); UDP-Galf: rhamnopyranosyl-N-acetylglucosaminyl-PP-decaprenol beta-1,4/1,5-galactofuranosyltransferase (EC 2.4.1.287); UDP-Galf: galactofuranosyl-galactofuranosyl-rhamnosyl-N-acetylglucosaminyl-PP-decaprenol beta-1,5/1,6-galactofuranosyltransferase (EC 2.4.1.288); dTDP-L-Rha: N-acetylglucosaminyl-PP-decaprenol alpha-1,3-L-rhamnosyltransferase (EC 2.4.1.289)	carbon utilization	CAZY		GlycosylTransferases	3	M
c_000002051851__full-cat_1_11	c_000002051851__full-cat_1							1	MKT
c_000002051851__full-cat_1_21	c_000002051851__full-cat_1							2	MKTF
c_000002051851__full-cat_1_22	c_000002051851__full-cat_1							2	MKTF
c_000002062866__full-cat_1_5	c_000002062866__full-cat_1							2	MKF
c_000002088755__full-cat_2_6	c_000002088755__full-cat_2							3	MKF
c_000002106314__full-cat_1_5	c_000002106314__full-cat_1	K01652	acetolactate synthase [EC:2.2.1.6] [RN:R00226 R08648]	Organic Nitrogen	Amino Acid		Valine/isoleucine biosynthesis, pyruvate => valine / 2-oxobutanoate => isoleucine	2	MF
c_000002106314__full-cat_1_5	c_000002106314__full-cat_1	K01652	acetolactate synthase [EC:2.2.1.6] [RN:R08648]	Organic Nitrogen	Amino Acid		Isoleucine biosynthesis, threonine => 2-oxobutanoate => isoleucine	2	MF
c_000002107227__full-cat_1_5	c_000002107227__full-cat_1							2	MKF
c_000002113992__full-cat_2_7	c_000002113992__full-cat_2							3	MKF
c_000002134435__full-cat_2_3	c_000002134435__full-cat_2							3	MKF
c_000002134435__full-cat_2_7	c_000002134435__full-cat_2	K01990	ABC-2.A; ABC-2 type transport system ATP-binding protein	Transporters			ABC-2 type transport system	3	MF
c_000002135296__full-cat_2_8	c_000002135296__full-cat_2	K01653	acetolactate synthase [EC:2.2.1.6] [RN:R00226 R08648]	Organic Nitrogen	Amino Acid		Valine/isoleucine biosynthesis, pyruvate => valine / 2-oxobutanoate => isoleucine	3	MF
c_000002135296__full-cat_2_8	c_000002135296__full-cat_2	K01653	acetolactate synthase [EC:2.2.1.6] [RN:R08648]	Organic Nitrogen	Amino Acid		Isoleucine biosynthesis, threonine => 2-oxobutanoate => isoleucine	3	MF
c_000002140092__full-cat_1_42	c_000002140092__full-cat_1							1	MK
c_000002174266__full-cat_1_6	c_000002174266__full-cat_1	K01784	GALE; UDP-Glc -> UDP-Gal [EC:5.1.3.2]	MISC	Information systems	Nucleotide	Nucleotide sugar biosynthesis, eukaryotes	2	MKF
c_000002174266__full-cat_1_6	c_000002174266__full-cat_1	K01784	UDP-glucose 4-epimerase [EC:5.1.3.2] [RN:R00291]	carbon utilization	central carbon	glycolysis	Galactose degradation, Leloir pathway, galactose => alpha-D-glucose-1P	2	MKF
c_000002174266__full-cat_1_6	c_000002174266__full-cat_1	K01784	UDP-glucose 4-epimerase	carbon utilization (Woodcroft)	sugar utilization (woodcroft)	galactose degradation	Galactose metabolism	2	MKF
c_000002182459__full-cat_2_2	c_000002182459__full-cat_2	GT4	GT4 sucrose synthase (EC 2.4.1.13); sucrose-phosphate synthase (EC 2.4.1.14); alpha-glucosyltransferase (EC 2.4.1.52); lipopolysaccharide N-acetylglucosaminyltransferase (EC 2.4.1.56); phosphatidylinositol alpha-mannosyltransferase (EC 2.4.1.57); GDP-Man: Man1GlcNAc2-PP-dolichol alpha-1,3-mannosyltransferase (EC 2.4.1.132); GDP-Man: Man3GlcNAc2-PP-dolichol/Man4GlcNAc2-PP-dolichol alpha-1,2-mannosyltransferase (EC 2.4.1.131); digalactosyldiacylglycerol synthase (EC 2.4.1.141); 1,2-diacylglycerol 3-glucosyltransferase (EC 2.4.1.157); diglucosyl diacylglycerol synthase (EC 2.4.1.208); trehalose phosphorylase (EC 2.4.1.231); NDP-Glc: alpha-glucose alpha-glucosyltransferase / alpha,alpha-trehalose synthase (EC 2.4.1.245); GDP-Man: Man2GlcNAc2-PP-dolichol alpha-1,6-mannosyltransferase (EC 2.4.1.257); UDP-GlcNAc: 2-deoxystreptamine alpha-N-acetylglucosaminyltransferase (EC 2.4.1.283); UDP-GlcNAc: ribostamycin alpha-N-acetylglucosaminyltransferase (EC 2.4.1.285); UDP-Gal alpha-galactosyltransferase (EC 2.4.1.-); UDP-Xyl alpha-xylosyltransferase (EC 2.4.2.-); UDP-GlcA alpha-glucuronyltransferase (EC 2.4.1.-); UDP-Glc alpha-glucosyltransferase (EC 2.4.1.-); UDP-GalNAc: GalNAc-PP-Und alpha-1,3-N-acetylgalactosaminyltransferase (EC 2.4.1.306); UDP-GalNAc: N,N'-diacetylbacillosaminyl-PP-Und alpha-1,3-N-acetylgalactosaminyltransferase (EC 2.4.1.290); ADP-dependent alpha-maltose-1-phosphate synthase (2.4.1.342)	carbon utilization	CAZY		GlycosylTransferases	3	MKF
c_000002182459__full-cat_2_5	c_000002182459__full-cat_2	GT4	GT4 sucrose synthase (EC 2.4.1.13); sucrose-phosphate synthase (EC 2.4.1.14); alpha-glucosyltransferase (EC 2.4.1.52); lipopolysaccharide N-acetylglucosaminyltransferase (EC 2.4.1.56); phosphatidylinositol alpha-mannosyltransferase (EC 2.4.1.57); GDP-Man: Man1GlcNAc2-PP-dolichol alpha-1,3-mannosyltransferase (EC 2.4.1.132); GDP-Man: Man3GlcNAc2-PP-dolichol/Man4GlcNAc2-PP-dolichol alpha-1,2-mannosyltransferase (EC 2.4.1.131); digalactosyldiacylglycerol synthase (EC 2.4.1.141); 1,2-diacylglycerol 3-glucosyltransferase (EC 2.4.1.157); diglucosyl diacylglycerol synthase (EC 2.4.1.208); trehalose phosphorylase (EC 2.4.1.231); NDP-Glc: alpha-glucose alpha-glucosyltransferase / alpha,alpha-trehalose synthase (EC 2.4.1.245); GDP-Man: Man2GlcNAc2-PP-dolichol alpha-1,6-mannosyltransferase (EC 2.4.1.257); UDP-GlcNAc: 2-deoxystreptamine alpha-N-acetylglucosaminyltransferase (EC 2.4.1.283); UDP-GlcNAc: ribostamycin alpha-N-acetylglucosaminyltransferase (EC 2.4.1.285); UDP-Gal alpha-galactosyltransferase (EC 2.4.1.-); UDP-Xyl alpha-xylosyltransferase (EC 2.4.2.-); UDP-GlcA alpha-glucuronyltransferase (EC 2.4.1.-); UDP-Glc alpha-glucosyltransferase (EC 2.4.1.-); UDP-GalNAc: GalNAc-PP-Und alpha-1,3-N-acetylgalactosaminyltransferase (EC 2.4.1.306); UDP-GalNAc: N,N'-diacetylbacillosaminyl-PP-Und alpha-1,3-N-acetylgalactosaminyltransferase (EC 2.4.1.290); ADP-dependent alpha-maltose-1-phosphate synthase (2.4.1.342)	carbon utilization	CAZY		GlycosylTransferases	3	MKF
c_000002183438__full-cat_2_10	c_000002183438__full-cat_2							3	MKF
c_000002215870__full-cat_2_5	c_000002215870__full-cat_2	K00249	acyl-CoA dehydrogenase [EC:1.3.8.7] [RN:R04432]	Energy	Electron transport Chain		Malonate semialdehyde pathway, propanoyl-CoA => acetyl-CoA	3	MKF
c_000002215870__full-cat_2_5	c_000002215870__full-cat_2	K00249	acyl-CoA dehydrogenase [EC:1.3.8.7] [RN:R04095]	Organic Nitrogen	Amino Acid		Leucine degradation, leucine => acetoacetate + acetyl-CoA	3	MKF
c_000002252740__full-cat_2_10	c_000002252740__full-cat_2	M01	Catlytic type: Metallo; each is capable of releasing a variety of residues; none have been shown to hydrolyse Xaa-Pro-bonds	Organic Nitrogen	Peptidase		Aminopeptidases	3	M
c_000002274456__full-cat_1_21	c_000002274456__full-cat_1							2	MKT
c_000002329755__full-cat_2_16	c_000002329755__full-cat_2							3	MKTF
c_000002368588__full-cat_2_2	c_000002368588__full-cat_2	K01992	ABC-2.P; ABC-2 type transport system permease protein	Transporters			ABC-2 type transport system	3	MF
c_000002374920__full-cat_2_9	c_000002374920__full-cat_2	K00031	isocitrate dehydrogenase [EC:1.1.1.42 1.1.1.41] [RN:R01899 R00268 R00267 R00709]	carbon utilization	central carbon	TCA	Citrate cycle (TCA cycle, Krebs cycle)	3	M
c_000002374920__full-cat_2_9	c_000002374920__full-cat_2	K00031	isocitrate dehydrogenase [EC:1.1.1.42 1.1.1.41] [RN:R01899 R00268 R00267 R00709]	carbon utilization	central carbon	TCA	Citrate cycle, first carbon oxidation, oxaloacetate => 2-oxoglutarate	3	M
c_000002374920__full-cat_2_9	c_000002374920__full-cat_2	K00031	isocitrate dehydrogenase [EC:1.1.1.42] [RN:R00267]	Energy	C1		Reductive citrate cycle (Arnon-Buchanan cycle)	3	M
c_000002374920__full-cat_2_9	c_000002374920__full-cat_2	K00031	isocitrate dehydrogenase [EC:1.1.1.42] [RN:R01899 R00268]	Organic Nitrogen	Amino Acid		Methylaspartate cycle	3	M
c_000002374920__full-cat_2_10	c_000002374920__full-cat_2	K00891	shikimate kinase [EC:2.7.1.71] [RN:R02412]	Organic Nitrogen	Amino Acid		Shikimate pathway, phosphoenolpyruvate + erythrose-4P => chorismate	3	M
c_000002374920__full-cat_2_14	c_000002374920__full-cat_2	C82A	Catlytic type: Cysteine; hydrolyse the L-Lys(3)-D-Ala(4) bonds of bacterial cell wall components; protein showed cell-wall cross-linking activity	Organic Nitrogen	Peptidase		Hydrolase (and transfer) bacterial cell wall peptides	3	MF
c_000002388049__full-cat_2_2	c_000002388049__full-cat_2	K01783	ribulose-phosphate 3-epimerase [EC:5.1.3.1] [RN:R01529]	carbon utilization	central carbon	pentose pathway	Pentose phosphate pathway (Pentose phosphate cycle)	3	MKF
c_000002388049__full-cat_2_2	c_000002388049__full-cat_2	K01783	ribulose-phosphate 3-epimerase [EC:5.1.3.1] [RN:R01529]	carbon utilization	central carbon	pentose pathway	Pentose phosphate pathway, non-oxidative phase, fructose 6P => ribose 5P	3	MKF
c_000002398135__full-cat_1_4	c_000002398135__full-cat_1	GT2	GT2 cellulose synthase (EC 2.4.1.12); chitin synthase (EC 2.4.1.16); dolichyl-phosphate beta-D-mannosyltransferase (EC 2.4.1.83); dolichyl-phosphate beta-glucosyltransferase (EC 2.4.1.117); N-acetylglucosaminyltransferase (EC 2.4.1.-); N-acetylgalactosaminyltransferase (EC 2.4.1.-); hyaluronan synthase (EC 2.4.1.212); chitin oligosaccharide synthase (EC 2.4.1.-); beta-1,3-glucan synthase (EC 2.4.1.34); beta-1,4-mannan synthase (EC 2.4.1.-); beta-mannosylphosphodecaprenol-mannooligosaccharide alpha-1,6-mannosyltransferase (EC 2.4.1.199); UDP-Galf: rhamnopyranosyl-N-acetylglucosaminyl-PP-decaprenol beta-1,4/1,5-galactofuranosyltransferase (EC 2.4.1.287); UDP-Galf: galactofuranosyl-galactofuranosyl-rhamnosyl-N-acetylglucosaminyl-PP-decaprenol beta-1,5/1,6-galactofuranosyltransferase (EC 2.4.1.288); dTDP-L-Rha: N-acetylglucosaminyl-PP-decaprenol alpha-1,3-L-rhamnosyltransferase (EC 2.4.1.289)	carbon utilization	CAZY		GlycosylTransferases	2	MTF
c_000002403760__full-cat_2_2	c_000002403760__full-cat_2	CBM48	CBM48 Modules of approx. 100 residues with glycogen-binding function, appended to GH13 modules. Also found in the beta subunit (glycogen-binding) of AMP-activated protein kinases (AMPK)	carbon utilization	CAZY		Carbohydrate-Binding Modules	3	MF
c_000002506750__full-cat_2_5	c_000002506750__full-cat_2	K00558	DNA (cytosine-5-)-methyltransferase [EC:2.1.1.37] [RN:R04858]	Organic Nitrogen	Amino Acid		Methionine degradation	3	MF
c_000002514727__full-cat_1_3	c_000002514727__full-cat_1	K00033	6-phosphogluconate dehydrogenase [EC:1.1.1.44 1.1.1.343] [RN:R01528 R10221]	carbon utilization	central carbon	pentose pathway	Pentose phosphate pathway (Pentose phosphate cycle)	2	MKEF
c_000002514727__full-cat_1_3	c_000002514727__full-cat_1	K00033	6-phosphogluconate dehydrogenase [EC:1.1.1.44 1.1.1.343] [RN:R01528 R10221]	carbon utilization	central carbon	pentose pathway	Pentose phosphate pathway, oxidative phase, glucose 6P => ribulose 5P	2	MKEF
c_000002534219__full-cat_1_9	c_000002534219__full-cat_1	K02010	ABC.FE.A; iron(III) transport system ATP-binding protein [EC:3.6.3.30]	Transporters			Iron(III) transport system	2	M
c_000002534219__full-cat_1_9	c_000002534219__full-cat_1	K02052	ABC.SP.A; putative spermidine/putrescine transport system ATP-binding protein	Transporters			Putative spermidine/putrescine transport system	2	M
c_000002584731__full-cat_2_2	c_000002584731__full-cat_2	K00605	glycine cleavage system [RN:R01221]	Energy	Photosynthesis		Photorespiration	3	MF
c_000002595852__full-cat_2_14	c_000002595852__full-cat_2							3	MK
c_000002595852__full-cat_2_15	c_000002595852__full-cat_2							3	MK
c_000002595852__full-cat_2_22	c_000002595852__full-cat_2	M17	Catlytic type: Metallo; any N-terminal amino acid can be released from dipeptides and polypeptides, although there is a preference for leucine; bonds with proline in P1 are not cleaved; maximally active between pH 9 and 9.5	Organic Nitrogen	Peptidase		Aminopeptidases	3	MF
c_000002596379__full-cat_1_4	c_000002596379__full-cat_1	K01735	3-dehydroquinate synthase [EC:4.2.3.4] [RN:R03083]	Organic Nitrogen	Amino Acid		Shikimate pathway, phosphoenolpyruvate + erythrose-4P => chorismate	2	MKTF
c_000002596379__full-cat_1_5	c_000002596379__full-cat_1	K00891	shikimate kinase [EC:2.7.1.71] [RN:R02412]	Organic Nitrogen	Amino Acid		Shikimate pathway, phosphoenolpyruvate + erythrose-4P => chorismate	2	MTF
c_000002597069__full-cat_1_7	c_000002597069__full-cat_1	GH16	GH16 xyloglucan:xyloglucosyltransferase (EC 2.4.1.207); keratan-sulfate endo-1,4-beta-galactosidase (EC 3.2.1.103); endo-1,3-beta-glucanase / laminarinase (EC 3.2.1.39); endo-1,3(4)-beta-glucanase (EC 3.2.1.6); licheninase (EC 3.2.1.73); beta-agarase (EC 3.2.1.81); kappa;-carrageenase (EC 3.2.1.83); xyloglucanase (EC 3.2.1.151); endo-beta-1,3-galactanase (EC 3.2.1.181); [retaining] beta-porphyranase (EC 3.2.1.178); hyaluronidase (EC 3.2.1.35); endo-beta-1,4-galactosidase (EC 3.2.1.-); chitin beta-1,6-glucanosyltransferase (EC 2.4.1.-); beta-transglycosidase (EC 2.4.1.-); beta-glycosidase (EC 3.2.1.-); endo-beta-1,3-galactanase (EC 3.2.1.181)	carbon utilization	CAZY	Amorphous Cellulose Oligo Cleavage, Xyloglucan Backbone Cleavage (Hemicellulose), Mixed-Linkage glucans Backbone Cleavage (Hemicellulose), Mixed-Linkage glucans Oligo Cleavage (Hemicellulose), Sulf-Polysachharides Backbone Cleavage	Glycoside Hydrolases	1	MKE
c_000002602401__full-cat_2_3	c_000002602401__full-cat_2							3	MKF
c_000002603462__full-cat_1_10	c_000002603462__full-cat_1							2	MK
c_000002603462__full-cat_1_12	c_000002603462__full-cat_1							2	MK
c_000002614175__full-cat_2_5	c_000002614175__full-cat_2	K01990	ABC-2.A; ABC-2 type transport system ATP-binding protein	Transporters			ABC-2 type transport system	3	MF
c_000002666502__full-cat_2_5	c_000002666502__full-cat_2							3	MKF
c_000002666502__full-cat_2_6	c_000002666502__full-cat_2	K00014	shikimate 5-dehydrogenase [EC:1.1.1.25] [RN:R02413]	Organic Nitrogen	Amino Acid		Shikimate pathway, phosphoenolpyruvate + erythrose-4P => chorismate	3	MKF
c_000002666502__full-cat_2_8	c_000002666502__full-cat_2							3	MKF
c_000002682041__full-cat_2_6	c_000002682041__full-cat_2	K00343	nuoN; NADH-quinone oxidoreductase subunit N [EC:7.1.1.2]	Energy	Electron transport Chain		NADH:quinone oxidoreductase, prokaryotes	3	MKF
c_000002688985__full-cat_2_6	c_000002688985__full-cat_2	GT77	GT77 alpha-xylosyltransferase (EC 2.4.2.39); alpha-1,3-galactosyltransferase (EC 2.4.1.37); arabinosyltransferase (EC 2.4.2.-); arabinosyltransferase (EC 2.4.2.-)	carbon utilization	CAZY		GlycosylTransferases	2	M
c_000002688985__full-cat_2_7	c_000002688985__full-cat_2	K00163	pyruvate dehydrogenase complex [EC:1.2.4.1 2.3.1.12 1.8.1.4] [RN:R00209]	carbon utilization	pyruvate metabolism		Pyruvate oxidation, pyruvate => acetyl-CoA	2	MK
c_000002688985__full-cat_2_12	c_000002688985__full-cat_2							2	MK
c_000002688985__full-cat_2_15	c_000002688985__full-cat_2	GT2	GT2 cellulose synthase (EC 2.4.1.12); chitin synthase (EC 2.4.1.16); dolichyl-phosphate beta-D-mannosyltransferase (EC 2.4.1.83); dolichyl-phosphate beta-glucosyltransferase (EC 2.4.1.117); N-acetylglucosaminyltransferase (EC 2.4.1.-); N-acetylgalactosaminyltransferase (EC 2.4.1.-); hyaluronan synthase (EC 2.4.1.212); chitin oligosaccharide synthase (EC 2.4.1.-); beta-1,3-glucan synthase (EC 2.4.1.34); beta-1,4-mannan synthase (EC 2.4.1.-); beta-mannosylphosphodecaprenol-mannooligosaccharide alpha-1,6-mannosyltransferase (EC 2.4.1.199); UDP-Galf: rhamnopyranosyl-N-acetylglucosaminyl-PP-decaprenol beta-1,4/1,5-galactofuranosyltransferase (EC 2.4.1.287); UDP-Galf: galactofuranosyl-galactofuranosyl-rhamnosyl-N-acetylglucosaminyl-PP-decaprenol beta-1,5/1,6-galactofuranosyltransferase (EC 2.4.1.288); dTDP-L-Rha: N-acetylglucosaminyl-PP-decaprenol alpha-1,3-L-rhamnosyltransferase (EC 2.4.1.289)	carbon utilization	CAZY		GlycosylTransferases	2	M
c_000002688985__full-cat_2_17	c_000002688985__full-cat_2	K09691	ABC-2.LPSE.A; lipopolysaccharide transport system ATP-binding protein	Transporters			Lipopolysaccharide transport system	2	M
c_000002688985__full-cat_2_18	c_000002688985__full-cat_2	GT2	GT2 cellulose synthase (EC 2.4.1.12); chitin synthase (EC 2.4.1.16); dolichyl-phosphate beta-D-mannosyltransferase (EC 2.4.1.83); dolichyl-phosphate beta-glucosyltransferase (EC 2.4.1.117); N-acetylglucosaminyltransferase (EC 2.4.1.-); N-acetylgalactosaminyltransferase (EC 2.4.1.-); hyaluronan synthase (EC 2.4.1.212); chitin oligosaccharide synthase (EC 2.4.1.-); beta-1,3-glucan synthase (EC 2.4.1.34); beta-1,4-mannan synthase (EC 2.4.1.-); beta-mannosylphosphodecaprenol-mannooligosaccharide alpha-1,6-mannosyltransferase (EC 2.4.1.199); UDP-Galf: rhamnopyranosyl-N-acetylglucosaminyl-PP-decaprenol beta-1,4/1,5-galactofuranosyltransferase (EC 2.4.1.287); UDP-Galf: galactofuranosyl-galactofuranosyl-rhamnosyl-N-acetylglucosaminyl-PP-decaprenol beta-1,5/1,6-galactofuranosyltransferase (EC 2.4.1.288); dTDP-L-Rha: N-acetylglucosaminyl-PP-decaprenol alpha-1,3-L-rhamnosyltransferase (EC 2.4.1.289)	carbon utilization	CAZY		GlycosylTransferases	2	M
c_000002688985__full-cat_2_20	c_000002688985__full-cat_2	GT102	GT102 dTDP-beta-L-Rhap : O-antigen-polysaccharide alpha-1,3-L-rhamnosyltransferase (EC 2.4.1.289)	carbon utilization	CAZY		GlycosylTransferases	2	M
c_000002688985__full-cat_2_20	c_000002688985__full-cat_2	GT2	GT2 cellulose synthase (EC 2.4.1.12); chitin synthase (EC 2.4.1.16); dolichyl-phosphate beta-D-mannosyltransferase (EC 2.4.1.83); dolichyl-phosphate beta-glucosyltransferase (EC 2.4.1.117); N-acetylglucosaminyltransferase (EC 2.4.1.-); N-acetylgalactosaminyltransferase (EC 2.4.1.-); hyaluronan synthase (EC 2.4.1.212); chitin oligosaccharide synthase (EC 2.4.1.-); beta-1,3-glucan synthase (EC 2.4.1.34); beta-1,4-mannan synthase (EC 2.4.1.-); beta-mannosylphosphodecaprenol-mannooligosaccharide alpha-1,6-mannosyltransferase (EC 2.4.1.199); UDP-Galf: rhamnopyranosyl-N-acetylglucosaminyl-PP-decaprenol beta-1,4/1,5-galactofuranosyltransferase (EC 2.4.1.287); UDP-Galf: galactofuranosyl-galactofuranosyl-rhamnosyl-N-acetylglucosaminyl-PP-decaprenol beta-1,5/1,6-galactofuranosyltransferase (EC 2.4.1.288); dTDP-L-Rha: N-acetylglucosaminyl-PP-decaprenol alpha-1,3-L-rhamnosyltransferase (EC 2.4.1.289)	carbon utilization	CAZY		GlycosylTransferases	2	M
c_000002688985__full-cat_2_23	c_000002688985__full-cat_2							2	MK
c_000002688985__full-cat_2_30	c_000002688985__full-cat_2	K09692	tagG; teichoic acid transport system permease protein	Transporters			Teichoic acid transport system	2	MF
c_000002752659__full-cat_2_3	c_000002752659__full-cat_2	K02968	small subunit ribosomal protein S20	MISC	Information systems		Ribosome, bacteria	3	MF
c_000002752659__full-cat_2_4	c_000002752659__full-cat_2	K01895	acetyl-CoA synthetase [EC:6.2.1.1] [RN:R00235]	Energy	C1-methane		Methanogenesis, acetate => methane	3	MF
c_000002773617__full-cat_2_3	c_000002773617__full-cat_2	K00674	2,3,4,5-tetrahydropyridine-2-carboxylate N-succinyltransferase [EC:2.3.1.117] [RN:R04365]	Organic Nitrogen	Amino Acid		Lysine biosynthesis, succinyl-DAP pathway, aspartate => lysine	3	MF
c_000002773617__full-cat_2_5	c_000002773617__full-cat_2	K09688	ABC-2.CPSE.P; capsular polysaccharide transport system permease protein	Transporters			Capsular polysaccharide transport system	3	MF
c_000002802777__full-cat_1_13	c_000002802777__full-cat_1							1	MKF
c_000002812771__full-cat_2_11	c_000002812771__full-cat_2	K00766	anthranilate phosphoribosyltransferase [EC:2.4.2.18] [RN:R01073]	Organic Nitrogen	Amino Acid		Tryptophan biosynthesis, chorismate => tryptophan	3	MF
c_000002838487__full-cat_2_3	c_000002838487__full-cat_2							3	MKF
c_000002838487__full-cat_2_4	c_000002838487__full-cat_2							3	MKF
c_000002867728__full-cat_2_3	c_000002867728__full-cat_2	K02258	COX11; cytochrome c oxidase assembly protein subunit 11	Energy	Oxygen		Cytochrome c oxidase	3	MF
c_000002873686__full-cat_2_5	c_000002873686__full-cat_2	K00615	transketolase [EC:2.2.1.1] [RN:R01641]	carbon utilization	central carbon	pentose pathway	Pentose phosphate pathway (Pentose phosphate cycle)	3	MK
c_000002873686__full-cat_2_5	c_000002873686__full-cat_2	K00615	transketolase [EC:2.2.1.1] [RN:R01830 R01641]	carbon utilization	central carbon	pentose pathway	Pentose phosphate pathway, non-oxidative phase, fructose 6P => ribose 5P	3	MK
c_000002873686__full-cat_2_5	c_000002873686__full-cat_2	K00615	transketolase [EC:2.2.1.1] [RN:R01067 R01641]	Energy	C1		Reductive pentose phosphate cycle (Calvin cycle)	3	MK
c_000002873686__full-cat_2_5	c_000002873686__full-cat_2	K00615	transketolase [EC:2.2.1.1] [RN:R01067 R01641]	Energy	C1		Reductive pentose phosphate cycle, glyceraldehyde-3P => ribulose-5P	3	MK
c_000002877101__full-cat_2_4	c_000002877101__full-cat_2							3	MKF
c_000002916433__full-cat_2_9	c_000002916433__full-cat_2	GT4	GT4 sucrose synthase (EC 2.4.1.13); sucrose-phosphate synthase (EC 2.4.1.14); alpha-glucosyltransferase (EC 2.4.1.52); lipopolysaccharide N-acetylglucosaminyltransferase (EC 2.4.1.56); phosphatidylinositol alpha-mannosyltransferase (EC 2.4.1.57); GDP-Man: Man1GlcNAc2-PP-dolichol alpha-1,3-mannosyltransferase (EC 2.4.1.132); GDP-Man: Man3GlcNAc2-PP-dolichol/Man4GlcNAc2-PP-dolichol alpha-1,2-mannosyltransferase (EC 2.4.1.131); digalactosyldiacylglycerol synthase (EC 2.4.1.141); 1,2-diacylglycerol 3-glucosyltransferase (EC 2.4.1.157); diglucosyl diacylglycerol synthase (EC 2.4.1.208); trehalose phosphorylase (EC 2.4.1.231); NDP-Glc: alpha-glucose alpha-glucosyltransferase / alpha,alpha-trehalose synthase (EC 2.4.1.245); GDP-Man: Man2GlcNAc2-PP-dolichol alpha-1,6-mannosyltransferase (EC 2.4.1.257); UDP-GlcNAc: 2-deoxystreptamine alpha-N-acetylglucosaminyltransferase (EC 2.4.1.283); UDP-GlcNAc: ribostamycin alpha-N-acetylglucosaminyltransferase (EC 2.4.1.285); UDP-Gal alpha-galactosyltransferase (EC 2.4.1.-); UDP-Xyl alpha-xylosyltransferase (EC 2.4.2.-); UDP-GlcA alpha-glucuronyltransferase (EC 2.4.1.-); UDP-Glc alpha-glucosyltransferase (EC 2.4.1.-); UDP-GalNAc: GalNAc-PP-Und alpha-1,3-N-acetylgalactosaminyltransferase (EC 2.4.1.306); UDP-GalNAc: N,N'-diacetylbacillosaminyl-PP-Und alpha-1,3-N-acetylgalactosaminyltransferase (EC 2.4.1.290); ADP-dependent alpha-maltose-1-phosphate synthase (2.4.1.342)	carbon utilization	CAZY		GlycosylTransferases	3	MKF
c_000002937225__full-cat_1_8	c_000002937225__full-cat_1	K00261	glutamate dehydrogenase (NAD(P)+) [EC:1.4.1.3] [RN:R00248]	Organic Nitrogen	Amino Acid		Methylaspartate cycle	2	MK
c_000002937225__full-cat_1_10	c_000002937225__full-cat_1	K00147	glutamate-5-semialdehyde dehydrogenase [EC:1.2.1.41] [RN:R03313]	Organic Nitrogen	Amino Acid		Proline biosynthesis, glutamate => proline	2	MK
c_000002937225__full-cat_1_11	c_000002937225__full-cat_1	K02887	large subunit ribosomal protein L20	MISC	Information systems		Ribosome, bacteria	2	MF
c_000002992320__full-cat_2_4	c_000002992320__full-cat_2	CBM57	CBM57 Created from reading Schallus et al (2008) Mol Biol Cell. 19:3404-3414 [PMID: 18524852] and finding related domains attached to various glycosidases.	carbon utilization	CAZY		Carbohydrate-Binding Modules	3	M
c_000003006252__full-cat_2_7	c_000003006252__full-cat_2	K02015	ABC.FEV.P; iron complex transport system permease protein	Transporters			Iron complex transport system	3	MF
c_000003052588__full-cat_2_3	c_000003052588__full-cat_2	K01754	threonine dehydratase [EC:4.3.1.19] [RN:R00996]	Organic Nitrogen	Amino Acid		Isoleucine biosynthesis, threonine => 2-oxobutanoate => isoleucine	3	MKF
c_000003057624__full-cat_1_4	c_000003057624__full-cat_1							2	MKF
c_000003067239__full-cat_2_4	c_000003067239__full-cat_2							3	MKF
c_000003111899__full-cat_2_4	c_000003111899__full-cat_2							3	MKF
c_000003122872__full-cat_2_6	c_000003122872__full-cat_2							3	MKF
c_000003153969__full-cat_1_14	c_000003153969__full-cat_1							2	MK
c_000003160740__full-cat_2_5	c_000003160740__full-cat_2	K01591	orotidine-5'-phosphate decarboxylase [EC:4.1.1.23] [RN:R00965]	MISC	Information systems	Nucleotide	Uridine monophosphate biosynthesis, glutamine (+ PRPP) => UMP	3	MF
c_000003177722__full-cat_1_4	c_000003177722__full-cat_1	K01735	3-dehydroquinate synthase [EC:4.2.3.4] [RN:R03083]	Organic Nitrogen	Amino Acid		Shikimate pathway, phosphoenolpyruvate + erythrose-4P => chorismate	2	MKTF
c_000003177722__full-cat_1_5	c_000003177722__full-cat_1	K00891	shikimate kinase [EC:2.7.1.71] [RN:R02412]	Organic Nitrogen	Amino Acid		Shikimate pathway, phosphoenolpyruvate + erythrose-4P => chorismate	2	MTF
c_000003186259__full-cat_2_6	c_000003186259__full-cat_2	GT4	GT4 sucrose synthase (EC 2.4.1.13); sucrose-phosphate synthase (EC 2.4.1.14); alpha-glucosyltransferase (EC 2.4.1.52); lipopolysaccharide N-acetylglucosaminyltransferase (EC 2.4.1.56); phosphatidylinositol alpha-mannosyltransferase (EC 2.4.1.57); GDP-Man: Man1GlcNAc2-PP-dolichol alpha-1,3-mannosyltransferase (EC 2.4.1.132); GDP-Man: Man3GlcNAc2-PP-dolichol/Man4GlcNAc2-PP-dolichol alpha-1,2-mannosyltransferase (EC 2.4.1.131); digalactosyldiacylglycerol synthase (EC 2.4.1.141); 1,2-diacylglycerol 3-glucosyltransferase (EC 2.4.1.157); diglucosyl diacylglycerol synthase (EC 2.4.1.208); trehalose phosphorylase (EC 2.4.1.231); NDP-Glc: alpha-glucose alpha-glucosyltransferase / alpha,alpha-trehalose synthase (EC 2.4.1.245); GDP-Man: Man2GlcNAc2-PP-dolichol alpha-1,6-mannosyltransferase (EC 2.4.1.257); UDP-GlcNAc: 2-deoxystreptamine alpha-N-acetylglucosaminyltransferase (EC 2.4.1.283); UDP-GlcNAc: ribostamycin alpha-N-acetylglucosaminyltransferase (EC 2.4.1.285); UDP-Gal alpha-galactosyltransferase (EC 2.4.1.-); UDP-Xyl alpha-xylosyltransferase (EC 2.4.2.-); UDP-GlcA alpha-glucuronyltransferase (EC 2.4.1.-); UDP-Glc alpha-glucosyltransferase (EC 2.4.1.-); UDP-GalNAc: GalNAc-PP-Und alpha-1,3-N-acetylgalactosaminyltransferase (EC 2.4.1.306); UDP-GalNAc: N,N'-diacetylbacillosaminyl-PP-Und alpha-1,3-N-acetylgalactosaminyltransferase (EC 2.4.1.290); ADP-dependent alpha-maltose-1-phosphate synthase (2.4.1.342)	carbon utilization	CAZY		GlycosylTransferases	3	MKF
c_000003193824__full-cat_2_7	c_000003193824__full-cat_2	K00162	pyruvate dehydrogenase complex [EC:1.2.4.1 2.3.1.12 1.8.1.4] [RN:R00209]	carbon utilization	pyruvate metabolism		Pyruvate oxidation, pyruvate => acetyl-CoA	3	MK
c_000003193824__full-cat_2_10	c_000003193824__full-cat_2	M01	Catlytic type: Metallo; each is capable of releasing a variety of residues; none have been shown to hydrolyse Xaa-Pro-bonds	Organic Nitrogen	Peptidase		Aminopeptidases	3	MF
c_000003204763__full-cat_1_8	c_000003204763__full-cat_1							2	MKF
c_000003212637__full-cat_2_8	c_000003212637__full-cat_2	M11	Catlytic type: Metallo; degrades the proline- and hydroxyproline-rich proteins of the algal cell wall; a member is Gametolysin; degradation of the cell wall allows the release of gametes	Organic Nitrogen	Peptidase		A metallo-endopeptidase, gametolysin	3	MF
c_000003214858__full-cat_2_5	c_000003214858__full-cat_2							3	MKF
c_000003214858__full-cat_2_6	c_000003214858__full-cat_2							3	MKF
c_000003234230__full-cat_2_2	c_000003234230__full-cat_2							3	MKF
c_000003251011__full-cat_2_7	c_000003251011__full-cat_2	K00615	transketolase [EC:2.2.1.1] [RN:R01641]	carbon utilization	central carbon	pentose pathway	Pentose phosphate pathway (Pentose phosphate cycle)	3	MKF
c_000003251011__full-cat_2_7	c_000003251011__full-cat_2	K00615	transketolase [EC:2.2.1.1] [RN:R01830 R01641]	carbon utilization	central carbon	pentose pathway	Pentose phosphate pathway, non-oxidative phase, fructose 6P => ribose 5P	3	MKF
c_000003251011__full-cat_2_7	c_000003251011__full-cat_2	K00615	transketolase [EC:2.2.1.1] [RN:R01067 R01641]	Energy	C1		Reductive pentose phosphate cycle (Calvin cycle)	3	MKF
c_000003251011__full-cat_2_7	c_000003251011__full-cat_2	K00615	transketolase [EC:2.2.1.1] [RN:R01067 R01641]	Energy	C1		Reductive pentose phosphate cycle, glyceraldehyde-3P => ribulose-5P	3	MKF
c_000003280018__full-cat_2_4	c_000003280018__full-cat_2							3	MKF
c_000003313008__full-cat_2_2	c_000003313008__full-cat_2	K00855	phosphoribulokinase [EC:2.7.1.19] [RN:R01523]	Energy	C1		Reductive pentose phosphate cycle (Calvin cycle)	3	MKF
c_000003313008__full-cat_2_2	c_000003313008__full-cat_2	K00855	phosphoribulokinase [EC:2.7.1.19] [RN:R01523]	Energy	C1		Reductive pentose phosphate cycle, ribulose-5P => glyceraldehyde-3P	3	MKF
c_000003326721__full-cat_2_3	c_000003326721__full-cat_2							3	MKF
c_000003329553__full-cat_2_4	c_000003329553__full-cat_2	K01591	orotidine-5'-phosphate decarboxylase [EC:4.1.1.23] [RN:R00965]	MISC	Information systems	Nucleotide	Uridine monophosphate biosynthesis, glutamine (+ PRPP) => UMP	3	MF
c_000003330497__full-cat_1_11	c_000003330497__full-cat_1							2	MKF
c_000003384598__full-cat_2_3	c_000003384598__full-cat_2	K00605	glycine cleavage system [RN:R01221]	Energy	Photosynthesis		Photorespiration	3	MF
c_000003394736__full-cat_2_12	c_000003394736__full-cat_2							3	MK
c_000003394736__full-cat_2_13	c_000003394736__full-cat_2	K00249	acyl-CoA dehydrogenase [EC:1.3.8.7] [RN:R04432]	Energy	Electron transport Chain		Malonate semialdehyde pathway, propanoyl-CoA => acetyl-CoA	3	MKF
c_000003394736__full-cat_2_13	c_000003394736__full-cat_2	K00249	acyl-CoA dehydrogenase [EC:1.3.8.7] [RN:R04095]	Organic Nitrogen	Amino Acid		Leucine degradation, leucine => acetoacetate + acetyl-CoA	3	MKF
