	VIRSorter category	Circular	Prophage	Gene count	Strand switches	potential AMG count	Transposase present	Possible Non-Viral Contig	Viral hypothetical genes	Viral structure genes	Viral genes with unknown function	Viral genes with host benefits	Viral replication genes	Viral genes with viral benefits
k141_10338644__full-cat_1	1	False	False	10	0	0	False	0.0	8.0	1.0	1.0	0.0	0.0	0.0
k141_10339653__full-cat_2	2	False	False	10	3	0	False	0.1	8.0	0.0	0.0	2.0	0.0	0.0
k141_10356702__full-cat_2	2	False	False	5	1	0	False	0.2	3.0	0.0	1.0	1.0	0.0	0.0
k141_10406365__full-cat_2	2	False	False	6	0	0	False	0.0	6.0	0.0	0.0	0.0	0.0	0.0
k141_10411517__full-cat_1	1	False	False	17	0	0	False	0.0	14.0	0.0	2.0	0.0	1.0	0.0
k141_10415512__full-cat_2	2	False	False	8	0	0	False	0.375	2.0	0.0	2.0	3.0	1.0	0.0
k141_10424948__full-cat_2	2	False	False	12	0	0	False	0.08333333333333333	10.0	0.0	1.0	1.0	0.0	0.0
k141_10496729__full-cat_1	1	False	False	5	0	0	False	0.0	4.0	0.0	1.0	0.0	0.0	0.0
k141_10499560__full-cat_2	2	False	False	53	2	0	False	0.05660377358490566	43.0	0.0	6.0	3.0	1.0	0.0
k141_10516409__full-cat_2	2	False	False	12	0	0	False	0.0	11.0	0.0	1.0	0.0	0.0	0.0
k141_10523675__full-cat_2	2	False	False	10	4	0	False	0.1	9.0	0.0	0.0	1.0	0.0	0.0
k141_10539058__full-cat_2	2	False	False	5	0	0	False	0.2	4.0	0.0	0.0	1.0	0.0	0.0
k141_10553938__full-cat_1	1	False	False	14	1	0	False	0.07142857142857142	13.0	0.0	0.0	1.0	0.0	0.0
k141_11784795__full-cat_2	2	False	False	28	0	0	False	0.0	28.0	0.0	0.0	0.0	0.0	0.0
k141_11803704__full-cat_1	1	False	False	11	0	0	False	0.0	10.0	0.0	0.0	0.0	1.0	0.0
k141_11825817__full-cat_2	2	False	False	17	0	0	False	0.058823529411764705	15.0	0.0	1.0	1.0	0.0	0.0
k141_11863343__full-cat_1	1	False	False	9	0	0	False	0.1111111111111111	5.0	1.0	1.0	1.0	1.0	0.0
k141_11900074__full-cat_1	1	False	False	10	0	0	False	0.0	8.0	2.0	0.0	0.0	0.0	0.0
k141_11908062__full-cat_2	2	False	False	6	1	0	False	0.16666666666666666	5.0	0.0	0.0	1.0	0.0	0.0
k141_11926389__full-cat_1	1	False	False	10	0	0	True	0.0	8.0	1.0	0.0	0.0	1.0	0.0
k141_11926850__full-cat_2	2	False	False	15	0	0	False	0.0	15.0	0.0	0.0	0.0	0.0	0.0
k141_11968069__full-cat_2	2	False	False	6	2	0	False	0.0	6.0	0.0	0.0	0.0	0.0	0.0
k141_11974580__full-cat_1	1	False	False	8	2	0	False	0.0	6.0	0.0	2.0	0.0	0.0	0.0
k141_11980654__full-cat_1	1	False	False	16	0	0	False	0.0	12.0	2.0	2.0	0.0	0.0	0.0
k141_11986919__full-cat_2	2	False	False	4	0	0	False	0.0	4.0	0.0	0.0	0.0	0.0	0.0
k141_11987909__full-cat_2	2	False	False	5	2	0	False	0.0	5.0	0.0	0.0	0.0	0.0	0.0
k141_12061958__full-cat_1	1	False	False	11	1	0	False	0.09090909090909091	10.0	0.0	0.0	1.0	0.0	0.0
k141_12083929__full-cat_1	1	False	False	8	2	1	False	0.0	8.0	0.0	0.0	0.0	0.0	0.0
k141_12085156__full-cat_2	2	False	False	5	2	0	False	0.2	4.0	0.0	0.0	1.0	0.0	0.0
k141_12101769__full-cat_2	2	False	False	12	1	0	False	0.08333333333333333	9.0	1.0	0.0	1.0	0.0	1.0
k141_12154701__full-cat_2	2	False	False	6	1	0	False	0.0	6.0	0.0	0.0	0.0	0.0	0.0
k141_1244824__full-cat_2	2	False	False	10	5	0	False	0.0	10.0	0.0	0.0	0.0	0.0	0.0
k141_1254394__full-cat_2	2	False	False	14	1	0	False	0.0	13.0	0.0	0.0	0.0	1.0	0.0
k141_1294921__full-cat_2	2	False	False	5	1	1	False	0.2	4.0	0.0	0.0	1.0	0.0	0.0
k141_1316279__full-cat_2	2	False	False	14	0	0	False	0.14285714285714285	11.0	0.0	1.0	2.0	0.0	0.0
k141_13391102__full-cat_2	2	False	False	18	0	0	False	0.0	18.0	0.0	0.0	0.0	0.0	0.0
k141_13392161__full-cat_2	2	False	False	6	1	0	False	0.3333333333333333	4.0	0.0	0.0	2.0	0.0	0.0
k141_13409921__full-cat_2	2	False	False	8	0	0	False	0.0	7.0	0.0	1.0	0.0	0.0	0.0
k141_13435144__full-cat_2	2	False	False	4	0	0	False	0.0	4.0	0.0	0.0	0.0	0.0	0.0
k141_13476168__full-cat_1	1	False	False	15	0	1	False	0.0	14.0	0.0	1.0	0.0	0.0	0.0
k141_13490544__full-cat_1	1	False	False	8	0	2	False	0.25	6.0	0.0	0.0	2.0	0.0	0.0
k141_13518096__full-cat_1	1	False	False	13	3	0	False	0.0	8.0	0.0	3.0	1.0	1.0	0.0
k141_13523794__full-cat_2	2	False	False	23	1	0	False	0.0	22.0	0.0	1.0	0.0	0.0	0.0
k141_13529898__full-cat_1	1	False	False	8	0	0	False	0.0	7.0	0.0	1.0	0.0	0.0	0.0
k141_13564038__full-cat_2	2	False	False	4	1	1	False	0.0	4.0	0.0	0.0	0.0	0.0	0.0
k141_13564716__full-cat_2	2	False	False	8	2	0	True	0.125	5.0	0.0	1.0	1.0	1.0	0.0
k141_1357352__full-cat_1	1	False	False	13	0	0	False	0.0	9.0	3.0	0.0	0.0	1.0	0.0
k141_13583503__full-cat_1	1	False	False	10	0	0	False	0.0	8.0	0.0	0.0	0.0	2.0	0.0
k141_13590047__full-cat_1	1	False	False	18	0	0	False	0.0	16.0	1.0	0.0	0.0	1.0	0.0
k141_13597431__full-cat_2	2	False	False	9	4	0	False	0.0	9.0	0.0	0.0	0.0	0.0	0.0
k141_13621527__full-cat_2	2	False	False	15	1	0	False	0.0	12.0	0.0	2.0	0.0	1.0	0.0
k141_1385032__full-cat_2	2	False	False	26	0	2	False	0.038461538461538464	25.0	0.0	0.0	1.0	0.0	0.0
k141_1412177__full-cat_1	1	False	False	8	0	0	False	0.125	6.0	0.0	1.0	1.0	0.0	0.0
k141_1418210__full-cat_2	2	False	False	5	1	0	False	0.0	5.0	0.0	0.0	0.0	0.0	0.0
k141_14841492__full-cat_2	2	False	False	14	1	0	False	0.07142857142857142	11.0	0.0	2.0	1.0	0.0	0.0
k141_14843799__full-cat_2	2	False	False	11	1	2	False	0.18181818181818182	9.0	0.0	0.0	2.0	0.0	0.0
k141_14861012__full-cat_1	1	False	False	9	1	0	False	0.0	8.0	0.0	1.0	0.0	0.0	0.0
k141_14872897__full-cat_2	2	False	False	4	0	0	False	0.0	4.0	0.0	0.0	0.0	0.0	0.0
k141_14905975__full-cat_1	1	False	False	4	0	0	False	0.0	1.0	0.0	3.0	0.0	0.0	0.0
k141_14921495__full-cat_1	1	False	False	11	0	0	False	0.0	9.0	1.0	1.0	0.0	0.0	0.0
k141_14921889__full-cat_2	2	False	False	7	4	0	False	0.0	6.0	0.0	1.0	0.0	0.0	0.0
k141_14939202__full-cat_2	2	False	False	18	1	0	False	0.0	15.0	0.0	2.0	1.0	0.0	0.0
k141_14979344__full-cat_2	2	False	False	5	2	0	False	0.0	5.0	0.0	0.0	0.0	0.0	0.0
k141_14985457__full-cat_2	2	False	False	5	2	0	False	0.0	4.0	0.0	1.0	0.0	0.0	0.0
k141_15017233__full-cat_2	2	False	False	22	0	0	False	0.0	18.0	0.0	3.0	0.0	1.0	0.0
k141_15030724__full-cat_2	2	False	False	31	2	0	False	0.0	28.0	0.0	2.0	0.0	1.0	0.0
k141_1506145__full-cat_2	2	False	False	14	0	0	False	0.07142857142857142	10.0	0.0	3.0	1.0	0.0	0.0
k141_15085057__full-cat_2	2	False	False	19	2	0	False	0.0	17.0	0.0	1.0	0.0	1.0	0.0
k141_15100635__full-cat_2	2	False	False	31	0	0	False	0.0	30.0	0.0	0.0	0.0	1.0	0.0
k141_1511865__full-cat_2	2	False	False	3	0	0	False	0.0	3.0	0.0	0.0	0.0	0.0	0.0
k141_15119022__full-cat_2	2	False	False	5	3	0	False	0.0	5.0	0.0	0.0	0.0	0.0	0.0
k141_1512872__full-cat_2	2	False	False	10	4	0	False	0.0	10.0	0.0	0.0	0.0	0.0	0.0
k141_15143691__full-cat_2	2	False	False	11	4	0	False	0.0	9.0	0.0	2.0	0.0	0.0	0.0
k141_15145542__full-cat_2	2	False	False	9	2	0	False	0.0	8.0	0.0	0.0	1.0	0.0	0.0
k141_15148948__full-cat_2	2	False	False	7	2	0	False	0.0	7.0	0.0	0.0	0.0	0.0	0.0
k141_15189663__full-cat_2	2	False	False	6	3	0	False	0.16666666666666666	5.0	0.0	0.0	1.0	0.0	0.0
k141_16425098__full-cat_2	2	False	False	7	1	0	False	0.0	7.0	0.0	0.0	0.0	0.0	0.0
k141_16428901__full-cat_2	2	False	False	13	0	0	False	0.0	13.0	0.0	0.0	0.0	0.0	0.0
k141_16513388__full-cat_2	2	False	False	16	0	0	False	0.0	15.0	0.0	1.0	0.0	0.0	0.0
k141_16522105__full-cat_2	2	False	False	6	3	0	False	0.16666666666666666	5.0	0.0	0.0	1.0	0.0	0.0
k141_16532755__full-cat_2	2	False	False	6	1	0	False	0.16666666666666666	5.0	0.0	0.0	1.0	0.0	0.0
k141_16534675__full-cat_2	2	False	False	5	1	0	False	0.0	5.0	0.0	0.0	0.0	0.0	0.0
k141_16551068__full-cat_2	2	False	False	14	0	0	False	0.07142857142857142	11.0	0.0	2.0	1.0	0.0	0.0
k141_16563744__full-cat_2	2	False	False	5	1	0	False	0.2	4.0	0.0	0.0	1.0	0.0	0.0
k141_16572422__full-cat_1	1	False	False	7	0	0	False	0.0	6.0	0.0	1.0	0.0	0.0	0.0
k141_16608552__full-cat_2	2	False	False	8	0	0	False	0.0	8.0	0.0	0.0	0.0	0.0	0.0
k141_16628047__full-cat_2	2	False	False	35	1	0	False	0.0	34.0	0.0	1.0	0.0	0.0	0.0
k141_16663039__full-cat_2	2	False	False	9	0	0	False	0.0	9.0	0.0	0.0	0.0	0.0	0.0
k141_16728808__full-cat_2	2	False	False	8	0	0	False	0.0	8.0	0.0	0.0	0.0	0.0	0.0
k141_1723287__lt2gene-cat_1	1	False	False	2	0	0	False	0.0	2.0	0.0	0.0	0.0	0.0	0.0
k141_17896471__full-cat_1	1	False	False	12	2	0	False	0.0	11.0	0.0	1.0	0.0	0.0	0.0
k141_17928980__full-cat_2	2	False	False	3	1	0	False	0.3333333333333333	2.0	0.0	0.0	1.0	0.0	0.0
k141_17944978__full-cat_2	2	False	False	4	0	1	False	0.0	4.0	0.0	0.0	0.0	0.0	0.0
k141_17955630__full-cat_2	2	False	False	3	0	0	False	0.0	2.0	0.0	1.0	0.0	0.0	0.0
k141_18013573__full-cat_2	2	False	False	2	1	0	False	0.5	1.0	0.0	0.0	1.0	0.0	0.0
k141_18031156__full-cat_2	2	False	False	5	0	0	False	0.6	2.0	0.0	0.0	3.0	0.0	0.0
k141_18057941__full-cat_1	1	False	False	43	0	0	False	0.0	36.0	1.0	4.0	1.0	1.0	0.0
k141_18073829__full-cat_1	1	False	False	9	0	0	False	0.0	8.0	1.0	0.0	0.0	0.0	0.0
k141_18075633__full-cat_2	2	False	False	9	0	0	False	0.0	9.0	0.0	0.0	0.0	0.0	0.0
k141_18083999__full-cat_2	2	False	False	6	1	0	False	0.0	6.0	0.0	0.0	0.0	0.0	0.0
k141_18084884__full-cat_1	1	False	False	12	0	0	False	0.0	8.0	2.0	2.0	0.0	0.0	0.0
k141_18086219__full-cat_1	1	False	False	44	0	0	False	0.0	38.0	2.0	3.0	0.0	1.0	0.0
k141_18087563__full-cat_2	2	False	False	14	0	1	False	0.0	12.0	0.0	2.0	0.0	0.0	0.0
k141_18091455__full-cat_1	1	False	False	5	0	0	False	0.0	2.0	2.0	1.0	0.0	0.0	0.0
k141_18139021__full-cat_2	2	False	False	8	3	0	False	0.0	8.0	0.0	0.0	0.0	0.0	0.0
k141_18186408__full-cat_2	2	False	False	7	5	0	True	0.0	6.0	0.0	0.0	0.0	1.0	0.0
k141_189403__lt2gene-cat_1	1	False	False	1	0	0	False	0.0	1.0	0.0	0.0	0.0	0.0	0.0
k141_19461584__full-cat_2	2	False	False	17	0	0	False	0.0	16.0	0.0	1.0	0.0	0.0	0.0
k141_19527055__full-cat_2	2	False	False	15	2	0	False	0.06666666666666667	10.0	0.0	3.0	1.0	1.0	0.0
k141_19530300__full-cat_1	1	False	False	28	7	0	False	0.0	19.0	2.0	7.0	0.0	0.0	0.0
k141_19535775__full-cat_2	2	False	False	5	1	0	False	0.0	4.0	0.0	1.0	0.0	0.0	0.0
k141_19585342__full-cat_2	2	False	False	5	1	0	False	0.2	4.0	0.0	0.0	1.0	0.0	0.0
k141_19616633__full-cat_2	2	False	False	8	3	0	False	0.0	8.0	0.0	0.0	0.0	0.0	0.0
k141_19637528__full-cat_1	1	False	False	9	1	0	False	0.1111111111111111	8.0	0.0	0.0	1.0	0.0	0.0
k141_19673667__full-cat_2	2	False	False	9	1	0	False	0.1111111111111111	8.0	0.0	0.0	1.0	0.0	0.0
k141_19695062__full-cat_1	1	False	False	9	0	0	False	0.0	7.0	1.0	1.0	0.0	0.0	0.0
k141_19762838__full-cat_2	2	False	False	16	0	0	False	0.0	16.0	0.0	0.0	0.0	0.0	0.0
k141_21036904__full-cat_1	1	False	False	4	1	0	False	0.0	4.0	0.0	0.0	0.0	0.0	0.0
k141_21116718__full-cat_1	1	False	False	5	0	0	False	0.0	5.0	0.0	0.0	0.0	0.0	0.0
k141_21127303__full-cat_2	2	False	False	3	2	0	False	0.0	3.0	0.0	0.0	0.0	0.0	0.0
k141_21160694__full-cat_2	2	False	False	16	0	0	False	0.0625	14.0	0.0	1.0	1.0	0.0	0.0
k141_21164224__full-cat_2	2	False	False	6	0	1	False	0.0	6.0	0.0	0.0	0.0	0.0	0.0
k141_21189678__full-cat_1	1	False	False	10	1	0	False	0.0	9.0	0.0	1.0	0.0	0.0	0.0
k141_21205461__full-cat_1	1	False	False	36	1	0	False	0.0	33.0	0.0	2.0	0.0	1.0	0.0
k141_21232166__full-cat_2	2	False	False	6	0	0	False	0.0	6.0	0.0	0.0	0.0	0.0	0.0
k141_21253528__full-cat_2	2	False	False	13	0	0	False	0.0	12.0	0.0	0.0	0.0	1.0	0.0
k141_21265380__full-cat_2	2	False	False	3	0	0	False	0.0	2.0	0.0	1.0	0.0	0.0	0.0
k141_21273035__full-cat_2	2	False	False	11	0	0	False	0.0	11.0	0.0	0.0	0.0	0.0	0.0
k141_21279263__full-cat_2	2	False	False	5	0	0	False	0.6	2.0	0.0	0.0	3.0	0.0	0.0
k141_22442072__full-cat_2	2	False	False	5	1	0	False	0.0	5.0	0.0	0.0	0.0	0.0	0.0
k141_22457811__full-cat_2	2	False	False	6	2	0	False	0.0	6.0	0.0	0.0	0.0	0.0	0.0
k141_22469857__full-cat_2	2	False	False	5	2	0	False	0.0	3.0	0.0	0.0	0.0	2.0	0.0
k141_22482722__full-cat_2	2	False	False	12	5	0	False	0.0	10.0	0.0	0.0	0.0	2.0	0.0
k141_22554054__full-cat_1	1	False	False	8	0	0	False	0.0	6.0	0.0	1.0	0.0	1.0	0.0
k141_22579627__full-cat_2	2	False	False	4	2	0	True	0.0	2.0	0.0	1.0	0.0	1.0	0.0
k141_22625385__full-cat_2	2	False	False	7	0	0	False	0.0	7.0	0.0	0.0	0.0	0.0	0.0
k141_22642715__full-cat_2	2	False	False	13	1	0	False	0.07692307692307693	12.0	0.0	0.0	1.0	0.0	0.0
k141_22645516__full-cat_1	1	False	False	3	0	0	False	0.0	3.0	0.0	0.0	0.0	0.0	0.0
k141_22657223__full-cat_2	2	False	False	7	0	1	False	0.14285714285714285	4.0	0.0	2.0	1.0	0.0	0.0
k141_22658661__full-cat_2	2	False	False	5	2	1	False	0.0	5.0	0.0	0.0	0.0	0.0	0.0
k141_22727342__full-cat_2	2	False	False	10	4	0	False	0.2	6.0	0.0	2.0	2.0	0.0	0.0
k141_22733099__full-cat_2	2	False	False	7	0	0	True	0.0	6.0	0.0	0.0	0.0	1.0	0.0
k141_22754799__full-cat_2	2	False	False	5	1	0	False	0.2	4.0	0.0	0.0	1.0	0.0	0.0
k141_22775653__full-cat_1	1	False	False	7	0	0	False	0.0	6.0	1.0	0.0	0.0	0.0	0.0
k141_22789526__full-cat_2	2	False	False	5	0	0	False	0.0	5.0	0.0	0.0	0.0	0.0	0.0
k141_22808475__full-cat_1	1	False	False	7	0	0	False	0.0	4.0	1.0	0.0	0.0	1.0	1.0
k141_22809022__full-cat_2	2	False	False	4	1	0	False	0.0	4.0	0.0	0.0	0.0	0.0	0.0
k141_22818319__full-cat_2	2	False	False	21	1	0	False	0.047619047619047616	19.0	0.0	0.0	2.0	0.0	0.0
k141_22819476__full-cat_1	1	False	False	22	0	2	False	0.13636363636363635	17.0	0.0	2.0	3.0	0.0	0.0
k141_23976241__full-cat_2	2	False	False	7	0	0	False	0.0	7.0	0.0	0.0	0.0	0.0	0.0
k141_24049300__full-cat_2	2	False	False	12	0	0	False	0.0	8.0	0.0	3.0	0.0	1.0	0.0
k141_24057206__full-cat_2	2	False	False	10	0	0	False	0.0	9.0	0.0	1.0	0.0	0.0	0.0
k141_24063405__full-cat_2	2	False	False	4	1	0	False	0.25	2.0	0.0	0.0	1.0	1.0	0.0
k141_24069238__full-cat_2	2	False	False	6	2	2	False	0.0	5.0	0.0	1.0	0.0	0.0	0.0
k141_24098315__full-cat_2	2	False	False	14	0	0	False	0.0	11.0	1.0	2.0	0.0	0.0	0.0
k141_24101317__full-cat_2	2	False	False	12	0	0	False	0.0	9.0	0.0	3.0	0.0	0.0	0.0
k141_24101486__full-cat_2	2	False	False	4	0	0	False	0.0	4.0	0.0	0.0	0.0	0.0	0.0
k141_24102580__full-cat_2	2	False	False	12	1	0	False	0.0	10.0	0.0	1.0	0.0	1.0	0.0
k141_24103477__full-cat_2	2	False	False	8	4	0	False	0.0	8.0	0.0	0.0	0.0	0.0	0.0
k141_24123903__full-cat_2	2	False	False	10	3	0	False	0.1	9.0	0.0	0.0	1.0	0.0	0.0
k141_24137454__full-cat_2	2	False	False	23	0	0	False	0.0	20.0	0.0	2.0	0.0	1.0	0.0
k141_24142583__full-cat_1	1	False	False	5	2	0	False	0.0	2.0	0.0	0.0	1.0	2.0	0.0
k141_24163357__full-cat_2	2	False	False	7	0	0	False	0.0	4.0	0.0	2.0	0.0	1.0	0.0
k141_24197945__full-cat_2	2	False	False	6	1	0	False	0.0	6.0	0.0	0.0	0.0	0.0	0.0
k141_24208951__full-cat_2	2	False	False	5	0	0	False	0.2	4.0	0.0	0.0	1.0	0.0	0.0
k141_24253964__full-cat_2	2	False	False	6	1	0	False	0.3333333333333333	3.0	0.0	0.0	2.0	1.0	0.0
k141_24256279__full-cat_2	2	False	False	4	0	0	False	0.0	3.0	0.0	0.0	0.0	1.0	0.0
k141_24272577__full-cat_2	2	False	False	14	3	0	False	0.0	13.0	0.0	1.0	0.0	0.0	0.0
k141_24275997__full-cat_1	1	False	False	6	0	0	False	0.0	4.0	1.0	1.0	0.0	0.0	0.0
k141_25535325__full-cat_2	2	False	False	11	0	1	False	0.0	5.0	0.0	2.0	1.0	3.0	0.0
k141_25546309__full-cat_2	2	False	False	9	2	0	False	0.0	9.0	0.0	0.0	0.0	0.0	0.0
k141_25547660__full-cat_2	2	False	False	20	2	0	False	0.05	16.0	0.0	1.0	1.0	2.0	0.0
k141_25612158__full-cat_2	2	False	False	7	0	1	False	0.0	4.0	0.0	1.0	1.0	1.0	0.0
k141_25619811__full-cat_2	2	False	False	27	0	1	False	0.0	27.0	0.0	0.0	0.0	0.0	0.0
k141_25630584__full-cat_2	2	False	False	7	4	0	False	0.0	6.0	1.0	0.0	0.0	0.0	0.0
k141_25640061__full-cat_1	1	False	False	10	0	0	False	0.0	9.0	1.0	0.0	0.0	0.0	0.0
k141_25645023__full-cat_2	2	False	False	14	0	0	False	0.0	14.0	0.0	0.0	0.0	0.0	0.0
k141_25646072__full-cat_1	1	False	False	8	0	0	False	0.125	4.0	2.0	1.0	1.0	0.0	0.0
k141_25688167__full-cat_2	2	False	False	12	0	0	False	0.08333333333333333	9.0	0.0	2.0	1.0	0.0	0.0
k141_25700205__full-cat_1	1	False	False	4	2	0	False	0.25	3.0	0.0	0.0	1.0	0.0	0.0
k141_25744873__full-cat_2	2	False	False	9	4	0	False	0.0	9.0	0.0	0.0	0.0	0.0	0.0
k141_25777055__full-cat_2	2	False	False	17	3	0	False	0.058823529411764705	16.0	0.0	0.0	1.0	0.0	0.0
k141_25800385__full-cat_2	2	False	False	5	0	0	False	0.0	4.0	0.0	0.0	0.0	1.0	0.0
k141_25824138__full-cat_2	2	False	False	9	2	0	False	0.0	7.0	0.0	1.0	0.0	1.0	0.0
k141_25829174__full-cat_2	2	False	False	19	2	0	False	0.0	18.0	0.0	1.0	0.0	0.0	0.0
k141_25850921__full-cat_2	2	False	False	20	4	0	False	0.0	18.0	0.0	2.0	0.0	0.0	0.0
k141_25852913__full-cat_1	1	False	False	8	0	0	False	0.0	6.0	1.0	1.0	0.0	0.0	0.0
k141_2684947__full-cat_1	1	False	False	7	0	0	False	0.14285714285714285	4.0	1.0	1.0	1.0	0.0	0.0
k141_2692361__full-cat_1	1	False	False	13	1	0	False	0.0	9.0	4.0	0.0	0.0	0.0	0.0
k141_27013847__full-cat_2	2	False	False	5	3	0	False	0.0	5.0	0.0	0.0	0.0	0.0	0.0
k141_27027062__full-cat_2	2	False	False	28	1	0	False	0.0	28.0	0.0	0.0	0.0	0.0	0.0
k141_2702899__full-cat_2	2	False	False	7	0	0	False	0.2857142857142857	5.0	0.0	0.0	2.0	0.0	0.0
k141_27029374__full-cat_2	2	False	False	15	3	0	False	0.0	14.0	0.0	1.0	0.0	0.0	0.0
k141_27051785__full-cat_1	1	False	False	78	7	1	False	0.01282051282051282	71.0	1.0	5.0	1.0	0.0	0.0
k141_27077380__full-cat_2	2	False	False	11	0	0	False	0.0	11.0	0.0	0.0	0.0	0.0	0.0
k141_2708082__full-cat_1	1	False	False	6	0	0	False	0.0	3.0	2.0	1.0	0.0	0.0	0.0
k141_27112516__full-cat_1	1	False	False	47	2	0	False	0.02127659574468085	37.0	1.0	6.0	1.0	2.0	0.0
k141_27139848__full-cat_2	2	False	False	5	1	0	False	0.0	5.0	0.0	0.0	0.0	0.0	0.0
k141_27156635__full-cat_2	2	False	False	8	1	0	False	0.0	7.0	0.0	0.0	0.0	1.0	0.0
k141_27188300__full-cat_2	2	False	False	7	2	0	False	0.14285714285714285	5.0	1.0	0.0	1.0	0.0	0.0
k141_27200235__full-cat_2	2	False	False	7	0	0	False	0.42857142857142855	3.0	0.0	1.0	3.0	0.0	0.0
k141_27211238__full-cat_2	2	False	False	5	1	0	False	0.0	3.0	0.0	2.0	0.0	0.0	0.0
k141_27228625__full-cat_1	1	False	False	16	0	0	False	0.0	14.0	0.0	1.0	0.0	1.0	0.0
k141_27263239__full-cat_2	2	False	False	15	3	0	False	0.0	14.0	0.0	0.0	1.0	0.0	0.0
k141_27303534__full-cat_2	2	False	False	4	3	0	False	0.25	2.0	1.0	0.0	1.0	0.0	0.0
k141_27314892__full-cat_2	2	False	False	4	0	0	False	0.0	4.0	0.0	0.0	0.0	0.0	0.0
k141_27364310__full-cat_2	2	False	False	6	0	0	False	0.0	6.0	0.0	0.0	0.0	0.0	0.0
k141_27378397__full-cat_2	2	False	False	4	0	0	False	0.0	3.0	0.0	0.0	0.0	1.0	0.0
k141_2785062__full-cat_1	1	False	False	19	2	0	False	0.0	16.0	1.0	2.0	0.0	0.0	0.0
k141_2833646__full-cat_2	2	False	False	23	1	1	False	0.0	18.0	0.0	5.0	0.0	0.0	0.0
k141_2837413__full-cat_2	2	False	False	9	2	0	False	0.0	8.0	0.0	0.0	1.0	0.0	0.0
k141_28594005__full-cat_2	2	False	False	10	1	0	False	0.0	8.0	0.0	2.0	0.0	0.0	0.0
k141_28600782__full-cat_2	2	False	False	6	4	0	False	0.16666666666666666	5.0	0.0	0.0	1.0	0.0	0.0
k141_28602049__full-cat_2	2	False	False	7	0	0	False	0.0	6.0	0.0	1.0	0.0	0.0	0.0
k141_28623667__full-cat_2	2	False	False	8	3	0	False	0.0	7.0	0.0	1.0	0.0	0.0	0.0
k141_28641036__full-cat_1	1	False	False	35	0	0	False	0.02857142857142857	32.0	0.0	2.0	1.0	0.0	0.0
k141_28650225__full-cat_2	2	False	False	4	1	0	False	0.0	4.0	0.0	0.0	0.0	0.0	0.0
k141_28681621__full-cat_2	2	False	False	15	4	1	False	0.0	14.0	0.0	1.0	0.0	0.0	0.0
k141_28708006__full-cat_2	2	False	False	5	1	0	False	0.0	5.0	0.0	0.0	0.0	0.0	0.0
k141_28721946__full-cat_2	2	False	False	4	1	0	False	0.0	4.0	0.0	0.0	0.0	0.0	0.0
k141_28755966__full-cat_2	2	False	False	6	0	0	False	0.3333333333333333	4.0	0.0	0.0	2.0	0.0	0.0
k141_28771259__full-cat_2	2	False	False	19	0	0	False	0.0	18.0	0.0	1.0	0.0	0.0	0.0
k141_28803893__full-cat_2	2	False	False	9	2	1	False	0.2222222222222222	7.0	0.0	0.0	2.0	0.0	0.0
k141_28810208__full-cat_1	1	False	False	8	0	0	False	0.0	8.0	0.0	0.0	0.0	0.0	0.0
k141_28812146__full-cat_2	2	False	False	16	0	0	False	0.0	13.0	0.0	3.0	0.0	0.0	0.0
k141_2891531__full-cat_1	1	False	False	40	1	0	False	0.025	30.0	2.0	5.0	1.0	2.0	0.0
k141_2903245__full-cat_2	2	False	False	3	1	0	False	0.0	3.0	0.0	0.0	0.0	0.0	0.0
k141_2909533__full-cat_2	2	False	False	9	2	0	False	0.1111111111111111	7.0	0.0	0.0	1.0	1.0	0.0
k141_2912516__full-cat_1	1	False	False	15	0	1	False	0.0	14.0	1.0	0.0	0.0	0.0	0.0
k141_2961438__full-cat_2	2	False	False	6	0	0	False	0.16666666666666666	3.0	0.0	1.0	1.0	1.0	0.0
k141_2973021__full-cat_2	2	False	False	21	4	1	False	0.09523809523809523	19.0	0.0	0.0	2.0	0.0	0.0
k141_2980600__full-cat_1	1	False	False	8	2	0	False	0.125	6.0	0.0	1.0	1.0	0.0	0.0
k141_30045594__full-cat_1	1	False	False	15	0	0	False	0.13333333333333333	12.0	0.0	1.0	2.0	0.0	0.0
k141_30055385__full-cat_2	2	False	False	15	0	0	False	0.0	15.0	0.0	0.0	0.0	0.0	0.0
k141_30111761__full-cat_1	1	False	False	15	3	0	False	0.0	12.0	0.0	3.0	0.0	0.0	0.0
k141_30152885__full-cat_2	2	False	False	4	1	0	False	0.0	4.0	0.0	0.0	0.0	0.0	0.0
k141_30170689__full-cat_2	2	False	False	23	0	0	False	0.0	21.0	0.0	2.0	0.0	0.0	0.0
k141_30191909__full-cat_1	1	False	False	9	2	0	False	0.0	8.0	0.0	1.0	0.0	0.0	0.0
k141_30201542__full-cat_2	2	False	False	6	3	0	False	0.0	6.0	0.0	0.0	0.0	0.0	0.0
k141_3021387__full-cat_2	2	False	False	4	0	0	False	0.0	3.0	0.0	0.0	0.0	1.0	0.0
k141_30243925__full-cat_2	2	False	False	4	0	1	False	0.0	3.0	0.0	1.0	0.0	0.0	0.0
k141_30253129__full-cat_1	1	False	False	17	0	0	False	0.0	15.0	2.0	0.0	0.0	0.0	0.0
k141_30288764__full-cat_2	2	False	False	12	0	0	False	0.0	10.0	0.0	1.0	0.0	1.0	0.0
k141_3029433__full-cat_2	2	False	False	8	0	0	False	0.0	7.0	0.0	1.0	0.0	0.0	0.0
k141_30319291__full-cat_1	1	False	False	7	0	0	False	0.0	4.0	3.0	0.0	0.0	0.0	0.0
k141_30333371__full-cat_1	1	False	False	36	0	0	False	0.0	27.0	0.0	5.0	1.0	3.0	0.0
k141_30353701__full-cat_2	2	False	False	9	2	1	False	0.0	8.0	0.0	1.0	0.0	0.0	0.0
k141_30380140__full-cat_2	2	False	False	9	2	0	False	0.0	8.0	0.0	1.0	0.0	0.0	0.0
k141_30405026__full-cat_2	2	False	False	11	0	0	False	0.0	11.0	0.0	0.0	0.0	0.0	0.0
k141_30408224__full-cat_2	2	False	False	8	3	0	False	0.0	8.0	0.0	0.0	0.0	0.0	0.0
k141_31558272__full-cat_2	2	False	False	6	0	0	False	0.0	3.0	0.0	0.0	0.0	3.0	0.0
k141_31571958__full-cat_1	1	False	False	10	0	0	False	0.0	9.0	0.0	1.0	0.0	0.0	0.0
k141_31592323__full-cat_2	2	False	False	14	0	0	False	0.07142857142857142	13.0	0.0	0.0	1.0	0.0	0.0
k141_31652327__full-cat_2	2	False	False	8	2	0	False	0.25	5.0	0.0	0.0	2.0	1.0	0.0
k141_31652491__full-cat_1	1	False	False	13	1	0	False	0.0	13.0	0.0	0.0	0.0	0.0	0.0
k141_31667088__full-cat_1	1	False	False	5	0	0	False	0.0	4.0	1.0	0.0	0.0	0.0	0.0
k141_31701896__full-cat_2	2	False	False	5	2	0	False	0.2	4.0	0.0	0.0	1.0	0.0	0.0
k141_31724374__full-cat_2	2	False	False	9	5	0	False	0.0	9.0	0.0	0.0	0.0	0.0	0.0
k141_31768519__full-cat_2	2	False	False	7	0	0	False	0.0	7.0	0.0	0.0	0.0	0.0	0.0
k141_31779101__full-cat_2	2	False	False	5	1	0	False	0.0	5.0	0.0	0.0	0.0	0.0	0.0
k141_31832092__full-cat_1	1	False	False	9	0	1	False	0.2222222222222222	6.0	0.0	1.0	2.0	0.0	0.0
k141_31856018__full-cat_2	2	False	False	13	0	0	False	0.0	13.0	0.0	0.0	0.0	0.0	0.0
k141_31868049__full-cat_2	2	False	False	5	0	0	False	0.0	5.0	0.0	0.0	0.0	0.0	0.0
k141_31871574__full-cat_2	2	False	False	7	0	0	False	0.0	6.0	1.0	0.0	0.0	0.0	0.0
k141_31876660__full-cat_2	2	False	False	8	2	1	False	0.0	8.0	0.0	0.0	0.0	0.0	0.0
k141_31876776__full-cat_2	2	False	False	5	3	0	False	0.0	5.0	0.0	0.0	0.0	0.0	0.0
k141_31876925__full-cat_2	2	False	False	13	0	0	False	0.0	12.0	0.0	1.0	0.0	0.0	0.0
k141_31903517__full-cat_1	1	False	False	9	0	0	False	0.0	7.0	1.0	1.0	0.0	0.0	0.0
k141_31926009__full-cat_2	2	False	False	10	3	0	False	0.0	10.0	0.0	0.0	0.0	0.0	0.0
k141_31930249__full-cat_1	1	False	False	24	0	0	False	0.0	23.0	0.0	0.0	0.0	1.0	0.0
k141_31931739__full-cat_2	2	False	False	6	3	0	False	0.0	6.0	0.0	0.0	0.0	0.0	0.0
k141_31949902__full-cat_2	2	False	False	5	3	1	False	0.2	2.0	0.0	2.0	1.0	0.0	0.0
k141_33082232__full-cat_1	1	False	False	24	0	2	False	0.041666666666666664	13.0	0.0	3.0	2.0	6.0	0.0
k141_33113411__full-cat_2	2	False	False	6	2	0	False	0.3333333333333333	4.0	0.0	0.0	2.0	0.0	0.0
k141_33119983__full-cat_2	2	False	False	7	2	0	False	0.0	7.0	0.0	0.0	0.0	0.0	0.0
k141_33122981__full-cat_2	2	False	False	8	0	0	False	0.0	7.0	1.0	0.0	0.0	0.0	0.0
k141_33140460__full-cat_2	2	False	False	11	0	0	False	0.0	10.0	0.0	1.0	0.0	0.0	0.0
k141_33177645__full-cat_2	2	False	False	12	0	0	False	0.0	10.0	0.0	2.0	0.0	0.0	0.0
k141_33179462__full-cat_2	2	False	False	8	3	0	False	0.0	8.0	0.0	0.0	0.0	0.0	0.0
k141_33180620__full-cat_1	1	False	False	24	1	0	False	0.0	18.0	0.0	5.0	0.0	1.0	0.0
k141_33207297__full-cat_2	2	False	False	36	2	0	True	0.0	35.0	0.0	0.0	0.0	1.0	0.0
k141_33221085__full-cat_2	2	False	False	6	0	0	False	0.0	6.0	0.0	0.0	0.0	0.0	0.0
k141_33249616__full-cat_2	2	False	False	12	0	0	False	0.08333333333333333	11.0	0.0	0.0	1.0	0.0	0.0
k141_33264610__full-cat_2	2	False	False	10	4	0	False	0.0	10.0	0.0	0.0	0.0	0.0	0.0
k141_33268547__full-cat_2	2	False	False	16	1	0	False	0.0	12.0	0.0	4.0	0.0	0.0	0.0
k141_33279436__full-cat_1	1	False	False	6	0	0	False	0.0	6.0	0.0	0.0	0.0	0.0	0.0
k141_33287424__full-cat_2	2	False	False	15	0	0	False	0.13333333333333333	13.0	0.0	0.0	2.0	0.0	0.0
k141_33291244__full-cat_1	1	False	False	10	1	0	False	0.0	10.0	0.0	0.0	0.0	0.0	0.0
k141_33330105__full-cat_1	1	False	False	8	3	0	False	0.0	8.0	0.0	0.0	0.0	0.0	0.0
k141_33394275__full-cat_2	2	False	False	3	0	0	False	0.0	2.0	0.0	1.0	0.0	0.0	0.0
k141_33436972__full-cat_1	1	False	False	7	0	0	False	0.0	7.0	0.0	0.0	0.0	0.0	0.0
k141_33438262__full-cat_2	2	False	False	7	3	0	False	0.0	7.0	0.0	0.0	0.0	0.0	0.0
k141_33440301__full-cat_2	2	False	False	5	1	0	True	0.0	3.0	0.0	0.0	0.0	2.0	0.0
k141_34633623__full-cat_2	2	False	False	7	2	0	False	0.14285714285714285	6.0	0.0	0.0	1.0	0.0	0.0
k141_34637929__full-cat_2	2	False	False	6	0	0	False	0.0	6.0	0.0	0.0	0.0	0.0	0.0
k141_34649747__full-cat_2	2	False	False	15	4	0	False	0.06666666666666667	12.0	0.0	2.0	1.0	0.0	0.0
k141_34661035__full-cat_1	1	False	False	12	1	0	False	0.0	12.0	0.0	0.0	0.0	0.0	0.0
k141_34663803__full-cat_2	2	False	False	12	0	0	False	0.0	11.0	0.0	1.0	0.0	0.0	0.0
k141_34688672__full-cat_2	2	False	False	7	2	0	False	0.0	7.0	0.0	0.0	0.0	0.0	0.0
k141_34734025__full-cat_2	2	False	False	7	1	0	False	0.14285714285714285	6.0	0.0	0.0	1.0	0.0	0.0
k141_34734807__full-cat_2	2	False	False	10	0	0	False	0.1	8.0	0.0	0.0	1.0	1.0	0.0
k141_34760885__full-cat_2	2	False	False	22	0	0	False	0.0	21.0	0.0	1.0	0.0	0.0	0.0
k141_34800110__full-cat_2	2	False	False	9	0	1	False	0.0	9.0	0.0	0.0	0.0	0.0	0.0
k141_34806848__full-cat_2	2	False	False	29	0	0	False	0.0	27.0	0.0	2.0	0.0	0.0	0.0
k141_34826148__full-cat_2	2	False	False	14	0	0	False	0.0	14.0	0.0	0.0	0.0	0.0	0.0
k141_34827775__full-cat_2	2	False	False	4	1	0	False	0.0	3.0	0.0	0.0	0.0	1.0	0.0
k141_34834003__full-cat_1	1	False	False	19	1	0	False	0.0	16.0	1.0	1.0	0.0	1.0	0.0
k141_34842470__full-cat_1	1	False	False	8	0	0	False	0.0	3.0	0.0	5.0	0.0	0.0	0.0
k141_34878621__full-cat_2	2	False	False	5	3	0	False	0.2	4.0	0.0	0.0	1.0	0.0	0.0
k141_34884554__full-cat_2	2	False	False	11	0	0	False	0.0	10.0	0.0	1.0	0.0	0.0	0.0
k141_34885472__full-cat_2	2	False	False	20	0	0	False	0.0	20.0	0.0	0.0	0.0	0.0	0.0
k141_34913648__full-cat_2	2	False	False	14	4	2	False	0.07142857142857142	13.0	0.0	0.0	1.0	0.0	0.0
k141_34947806__full-cat_1	1	False	False	17	1	0	False	0.0	15.0	0.0	2.0	0.0	0.0	0.0
k141_34950632__full-cat_2	2	False	False	7	5	0	False	0.0	7.0	0.0	0.0	0.0	0.0	0.0
k141_34976219__full-cat_1	1	False	False	21	0	0	False	0.0	19.0	0.0	1.0	0.0	1.0	0.0
k141_34990355__full-cat_2	2	False	False	9	0	2	False	0.3333333333333333	6.0	0.0	0.0	3.0	0.0	0.0
k141_36128676__full-cat_2	2	False	False	14	0	0	False	0.0	12.0	0.0	0.0	0.0	2.0	0.0
k141_36158078__full-cat_2	2	False	False	7	2	0	False	0.0	7.0	0.0	0.0	0.0	0.0	0.0
k141_36159918__full-cat_1	1	False	False	7	0	0	False	0.0	3.0	2.0	2.0	0.0	0.0	0.0
k141_36193466__full-cat_2	2	False	False	15	0	0	False	0.0	14.0	0.0	0.0	0.0	1.0	0.0
k141_36214013__full-cat_1	1	False	False	5	0	0	False	0.0	3.0	2.0	0.0	0.0	0.0	0.0
k141_36215036__full-cat_2	2	False	False	12	5	0	False	0.25	9.0	0.0	0.0	3.0	0.0	0.0
k141_36242873__full-cat_2	2	False	False	12	2	0	False	0.0	11.0	0.0	0.0	1.0	0.0	0.0
k141_36257827__full-cat_2	2	False	False	14	0	0	False	0.0	13.0	0.0	1.0	0.0	0.0	0.0
k141_36260499__full-cat_2	2	False	False	7	0	0	False	0.14285714285714285	6.0	0.0	0.0	1.0	0.0	0.0
k141_36266307__full-cat_2	2	False	False	10	1	0	False	0.0	8.0	2.0	0.0	0.0	0.0	0.0
k141_36328139__full-cat_2	2	False	False	14	3	0	False	0.0	13.0	0.0	0.0	0.0	1.0	0.0
k141_36346086__full-cat_1	1	False	False	7	1	1	False	0.0	6.0	0.0	0.0	0.0	1.0	0.0
k141_36351201__full-cat_2	2	False	False	8	4	0	False	0.125	7.0	0.0	0.0	1.0	0.0	0.0
k141_36351309__full-cat_1	1	False	False	7	0	0	False	0.0	7.0	0.0	0.0	0.0	0.0	0.0
k141_36363868__full-cat_2	2	False	False	8	2	1	False	0.0	7.0	0.0	1.0	0.0	0.0	0.0
k141_36367205__full-cat_2	2	False	False	22	0	0	False	0.0	21.0	0.0	1.0	0.0	0.0	0.0
k141_36422153__full-cat_2	2	False	False	17	0	0	False	0.0	15.0	0.0	2.0	0.0	0.0	0.0
k141_36445458__full-cat_1	1	False	False	7	0	0	False	0.0	3.0	1.0	2.0	1.0	0.0	0.0
k141_36473227__full-cat_2	2	False	False	18	0	2	False	0.2222222222222222	14.0	0.0	0.0	4.0	0.0	0.0
k141_4292602__full-cat_2	2	False	False	6	1	0	False	0.0	5.0	0.0	1.0	0.0	0.0	0.0
k141_4306693__full-cat_2	2	False	False	5	0	0	False	0.0	5.0	0.0	0.0	0.0	0.0	0.0
k141_4318115__full-cat_1	1	False	False	10	1	0	False	0.0	9.0	0.0	0.0	0.0	1.0	0.0
k141_4334484__full-cat_2	2	False	False	7	1	0	False	0.0	7.0	0.0	0.0	0.0	0.0	0.0
k141_4344565__full-cat_1	1	False	False	9	0	0	False	0.1111111111111111	6.0	0.0	2.0	1.0	0.0	0.0
k141_4364293__full-cat_2	2	False	False	7	3	1	False	0.0	7.0	0.0	0.0	0.0	0.0	0.0
k141_4375046__full-cat_2	2	False	False	19	0	0	False	0.05263157894736842	17.0	0.0	1.0	1.0	0.0	0.0
k141_4394978__full-cat_2	2	False	False	21	0	0	False	0.0	18.0	0.0	2.0	1.0	0.0	0.0
k141_4397562__full-cat_1	1	False	False	41	5	0	False	0.024390243902439025	37.0	1.0	1.0	1.0	1.0	0.0
k141_4424167__full-cat_2	2	False	False	7	2	0	False	0.0	6.0	0.0	1.0	0.0	0.0	0.0
k141_4452272__full-cat_2	2	False	False	54	0	1	False	0.0	47.0	0.0	4.0	1.0	2.0	0.0
k141_4465170__full-cat_1	1	False	False	8	0	0	False	0.0	7.0	0.0	1.0	0.0	0.0	0.0
k141_4465689__full-cat_1	1	False	False	8	2	1	False	0.0	7.0	0.0	1.0	0.0	0.0	0.0
k141_4477201__full-cat_2	2	False	False	9	0	0	False	0.1111111111111111	3.0	0.0	5.0	1.0	0.0	0.0
k141_4482790__full-cat_1	1	False	False	11	0	1	False	0.0	10.0	0.0	1.0	0.0	0.0	0.0
k141_4509966__full-cat_1	1	False	False	7	0	0	False	0.0	6.0	1.0	0.0	0.0	0.0	0.0
k141_4512840__full-cat_2	2	False	False	6	2	0	False	0.16666666666666666	5.0	0.0	0.0	1.0	0.0	0.0
k141_4536762__full-cat_2	2	False	False	5	0	0	False	0.0	4.0	0.0	1.0	0.0	0.0	0.0
k141_4544035__full-cat_2	2	False	False	10	1	0	False	0.0	10.0	0.0	0.0	0.0	0.0	0.0
k141_4554590__full-cat_2	2	False	False	14	1	0	False	0.0	13.0	0.0	0.0	0.0	1.0	0.0
k141_4558221__full-cat_2	2	False	False	7	0	0	False	0.14285714285714285	6.0	0.0	0.0	1.0	0.0	0.0
k141_5744342__full-cat_2	2	False	False	11	1	0	False	0.0	11.0	0.0	0.0	0.0	0.0	0.0
k141_5770109__full-cat_2	2	False	False	10	0	0	False	0.1	7.0	0.0	0.0	1.0	2.0	0.0
k141_5847077__full-cat_2	2	False	False	6	3	0	False	0.0	4.0	0.0	2.0	0.0	0.0	0.0
k141_5856114__full-cat_2	2	False	False	6	1	0	False	0.16666666666666666	5.0	0.0	0.0	1.0	0.0	0.0
k141_5887898__full-cat_2	2	False	False	5	0	0	False	0.0	4.0	0.0	1.0	0.0	0.0	0.0
k141_5905026__full-cat_2	2	False	False	4	0	0	False	0.0	3.0	0.0	1.0	0.0	0.0	0.0
k141_5910359__full-cat_2	2	False	False	10	0	0	False	0.1	9.0	0.0	0.0	1.0	0.0	0.0
k141_5918169__full-cat_2	2	False	False	11	0	0	False	0.0	10.0	0.0	1.0	0.0	0.0	0.0
k141_5921461__full-cat_2	2	False	False	5	1	0	False	0.0	5.0	0.0	0.0	0.0	0.0	0.0
k141_5975547__full-cat_2	2	False	False	4	1	0	False	0.25	3.0	0.0	0.0	1.0	0.0	0.0
k141_6029360__full-cat_1	1	False	False	6	0	0	False	0.0	3.0	1.0	2.0	0.0	0.0	0.0
k141_6034216__full-cat_2	2	False	False	7	0	0	False	0.42857142857142855	4.0	0.0	0.0	3.0	0.0	0.0
k141_6047151__full-cat_2	2	False	False	5	1	0	False	0.0	5.0	0.0	0.0	0.0	0.0	0.0
k141_6064926__full-cat_2	2	False	False	13	0	2	False	0.0	12.0	0.0	1.0	0.0	0.0	0.0
k141_6079590__full-cat_2	2	False	False	9	2	0	False	0.1111111111111111	8.0	0.0	0.0	1.0	0.0	0.0
k141_7193168__full-cat_2	2	False	False	11	3	1	False	0.0	11.0	0.0	0.0	0.0	0.0	0.0
k141_7207547__full-cat_2	2	False	False	5	0	0	False	1.0	0.0	0.0	0.0	5.0	0.0	0.0
k141_7209199__full-cat_2	2	False	False	7	2	0	False	0.14285714285714285	6.0	0.0	0.0	1.0	0.0	0.0
k141_7224460__full-cat_2	2	False	False	6	1	1	False	0.3333333333333333	2.0	0.0	2.0	2.0	0.0	0.0
k141_7245849__full-cat_2	2	False	False	8	4	0	False	0.0	8.0	0.0	0.0	0.0	0.0	0.0
k141_7247278__full-cat_2	2	False	False	8	0	0	False	0.125	5.0	0.0	0.0	1.0	2.0	0.0
k141_7309092__full-cat_1	1	False	False	17	0	0	False	0.0	13.0	1.0	3.0	0.0	0.0	0.0
k141_7316271__full-cat_2	2	False	False	11	0	0	False	0.09090909090909091	9.0	0.0	1.0	1.0	0.0	0.0
k141_7330793__full-cat_2	2	False	False	9	0	0	False	0.0	9.0	0.0	0.0	0.0	0.0	0.0
k141_7415856__full-cat_2	2	False	False	5	3	0	False	0.0	5.0	0.0	0.0	0.0	0.0	0.0
k141_7422705__full-cat_1	1	False	False	7	0	0	False	0.0	6.0	0.0	1.0	0.0	0.0	0.0
k141_7427480__full-cat_2	2	False	False	8	4	0	False	0.0	8.0	0.0	0.0	0.0	0.0	0.0
k141_7433411__full-cat_1	1	False	False	16	2	0	False	0.0	4.0	5.0	5.0	0.0	2.0	0.0
k141_7469315__full-cat_1	1	False	False	41	1	3	False	0.0	38.0	0.0	2.0	0.0	1.0	0.0
k141_7539858__full-cat_2	2	False	False	6	1	0	True	0.0	3.0	0.0	0.0	0.0	3.0	0.0
k141_7549826__full-cat_1	1	False	False	16	0	0	False	0.0	13.0	1.0	1.0	0.0	1.0	0.0
k141_7555515__full-cat_2	2	False	False	10	3	0	False	0.0	10.0	0.0	0.0	0.0	0.0	0.0
k141_7585482__full-cat_2	2	False	False	18	1	0	False	0.0	14.0	0.0	4.0	0.0	0.0	0.0
k141_7591039__full-cat_2	2	False	False	23	1	0	False	0.0	21.0	0.0	2.0	0.0	0.0	0.0
k141_8723897__full-cat_2	2	False	False	4	2	0	False	0.0	4.0	0.0	0.0	0.0	0.0	0.0
k141_8744456__full-cat_2	2	False	False	12	0	0	False	0.0	12.0	0.0	0.0	0.0	0.0	0.0
k141_8744990__full-cat_2	2	False	False	5	1	0	False	0.2	3.0	0.0	1.0	1.0	0.0	0.0
k141_8748745__full-cat_2	2	False	False	7	0	2	False	0.0	5.0	0.0	2.0	0.0	0.0	0.0
k141_8777888__full-cat_2	2	False	False	6	0	0	False	0.0	5.0	0.0	1.0	0.0	0.0	0.0
k141_8820267__full-cat_2	2	False	False	8	1	0	True	0.0	5.0	0.0	0.0	0.0	3.0	0.0
k141_8841515__full-cat_2	2	False	False	22	1	0	False	0.0	21.0	0.0	0.0	0.0	1.0	0.0
k141_8842742__full-cat_2	2	False	False	18	1	0	False	0.0	15.0	0.0	1.0	1.0	1.0	0.0
k141_8845145__full-cat_2	2	False	False	7	3	0	False	0.0	7.0	0.0	0.0	0.0	0.0	0.0
k141_8848728__full-cat_1	1	False	False	9	0	0	False	0.0	9.0	0.0	0.0	0.0	0.0	0.0
k141_8884072__full-cat_2	2	False	False	3	2	0	False	0.0	3.0	0.0	0.0	0.0	0.0	0.0
k141_8904400__full-cat_2	2	False	False	5	2	0	False	0.4	2.0	0.0	1.0	2.0	0.0	0.0
k141_8925167__full-cat_2	2	False	False	7	1	0	False	0.0	7.0	0.0	0.0	0.0	0.0	0.0
k141_8926278__full-cat_2	2	False	False	8	2	0	False	0.25	5.0	0.0	0.0	2.0	1.0	0.0
k141_8933971__full-cat_2	2	False	False	8	2	0	False	0.0	8.0	0.0	0.0	0.0	0.0	0.0
k141_8961854__full-cat_2	2	False	False	5	0	0	False	0.0	4.0	0.0	0.0	0.0	1.0	0.0
k141_9010369__full-cat_2	2	False	False	3	0	0	False	0.0	3.0	0.0	0.0	0.0	0.0	0.0
k141_9024192__full-cat_2	2	False	False	3	1	0	False	0.0	2.0	0.0	0.0	0.0	1.0	0.0
k141_9043463__full-cat_2	2	False	False	7	0	0	False	0.0	7.0	0.0	0.0	0.0	0.0	0.0
k141_9061009__full-cat_2	2	False	False	9	2	0	False	0.0	9.0	0.0	0.0	0.0	0.0	0.0
k141_9070679__full-cat_1	1	False	False	24	0	0	False	0.0	22.0	1.0	0.0	0.0	1.0	0.0
k141_9670445__lt2gene-cat_1	1	False	False	2	0	0	False	0.0	2.0	0.0	0.0	0.0	0.0	0.0
