	VIRSorter category	Circular	Prophage	Gene count	Strand switches	potential AMG count	Transposase present	Possible Non-Viral Contig	Viral hypothetical genes	Viral genes with unknown function	Viral genes with host benefits	Viral replication genes	Viral structure genes	Viral genes with viral benefits
k141_1010355__full-cat_2	2	False	False	12	3	0	False	0.0	10.0	2.0	0.0	0.0	0.0	0.0
k141_10447376__full-cat_2	2	False	False	6	2	0	False	0.16666666666666666	5.0	0.0	1.0	0.0	0.0	0.0
k141_10459830__full-cat_2	2	False	False	4	0	0	False	0.0	4.0	0.0	0.0	0.0	0.0	0.0
k141_10468554__full-cat_2	2	False	False	4	0	0	False	0.0	4.0	0.0	0.0	0.0	0.0	0.0
k141_10480863__full-cat_2	2	False	False	10	6	0	False	0.0	9.0	1.0	0.0	0.0	0.0	0.0
k141_10482933__full-cat_2	2	False	False	6	0	0	False	0.16666666666666666	5.0	0.0	1.0	0.0	0.0	0.0
k141_10487607__full-cat_1	1	False	False	76	2	0	False	0.013157894736842105	64.0	7.0	2.0	1.0	2.0	0.0
k141_10487718__full-cat_2	2	False	False	8	3	0	False	0.125	7.0	0.0	1.0	0.0	0.0	0.0
k141_10493791__full-cat_2	2	False	False	7	2	0	True	0.0	6.0	0.0	1.0	0.0	0.0	0.0
k141_10514760__full-cat_2	2	False	False	7	2	0	False	0.14285714285714285	6.0	0.0	1.0	0.0	0.0	0.0
k141_10517728__full-cat_2	2	False	False	4	1	0	False	0.0	4.0	0.0	0.0	0.0	0.0	0.0
k141_10527416__full-cat_2	2	False	False	5	1	0	False	0.2	4.0	0.0	1.0	0.0	0.0	0.0
k141_10530943__full-cat_2	2	False	False	5	0	0	False	0.0	5.0	0.0	0.0	0.0	0.0	0.0
k141_10533497__full-cat_1	1	False	False	13	0	0	False	0.0	11.0	0.0	1.0	0.0	1.0	0.0
k141_10556733__full-cat_1	1	False	False	7	1	0	False	0.0	6.0	1.0	0.0	0.0	0.0	0.0
k141_10556766__full-cat_2	2	False	False	6	1	0	False	0.0	6.0	0.0	0.0	0.0	0.0	0.0
k141_10557576__full-cat_2	2	False	False	6	1	0	False	0.0	6.0	0.0	0.0	0.0	0.0	0.0
k141_10561834__full-cat_2	2	False	False	6	2	0	False	0.0	6.0	0.0	0.0	0.0	0.0	0.0
k141_10578429__full-cat_2	2	False	False	8	5	0	False	0.125	7.0	0.0	1.0	0.0	0.0	0.0
k141_10581989__full-cat_2	2	False	False	6	1	0	False	0.0	5.0	0.0	1.0	0.0	0.0	0.0
k141_10589082__full-cat_2	2	False	False	6	3	0	False	0.0	6.0	0.0	0.0	0.0	0.0	0.0
k141_10605155__full-cat_2	2	False	False	8	0	0	False	0.0	7.0	1.0	0.0	0.0	0.0	0.0
k141_10610976__full-cat_2	2	False	False	11	1	0	False	0.0	10.0	0.0	0.0	1.0	0.0	0.0
k141_10613658__full-cat_1	1	False	False	27	0	0	False	0.0	24.0	0.0	3.0	0.0	0.0	0.0
k141_10617671__full-cat_2	2	False	False	8	0	0	False	0.375	5.0	0.0	3.0	0.0	0.0	0.0
k141_10619204__full-cat_1	1	False	False	17	1	0	False	0.058823529411764705	10.0	2.0	3.0	0.0	2.0	0.0
k141_10619451__full-cat_2	2	False	False	4	0	0	False	0.0	4.0	0.0	0.0	0.0	0.0	0.0
k141_10620866__full-cat_1	1	False	False	31	6	1	False	0.0	26.0	4.0	0.0	1.0	0.0	0.0
k141_10626766__full-cat_2	2	False	False	5	1	2	False	0.0	5.0	0.0	0.0	0.0	0.0	0.0
k141_10642615__full-cat_1	1	False	False	27	2	0	False	0.0	22.0	3.0	2.0	0.0	0.0	0.0
k141_10648943__full-cat_1	1	False	False	9	1	2	False	0.0	7.0	1.0	1.0	0.0	0.0	0.0
k141_10649149__full-cat_2	2	False	False	7	0	0	False	0.0	7.0	0.0	0.0	0.0	0.0	0.0
k141_10652134__full-cat_2	2	False	False	5	2	0	False	0.0	4.0	1.0	0.0	0.0	0.0	0.0
k141_10659224__full-cat_2	2	False	False	4	0	0	False	0.0	4.0	0.0	0.0	0.0	0.0	0.0
k141_10671619__full-cat_2	2	False	False	4	2	0	False	0.0	4.0	0.0	0.0	0.0	0.0	0.0
k141_10675189__full-cat_1	1	False	False	7	0	0	False	0.0	6.0	1.0	0.0	0.0	0.0	0.0
k141_10689478__full-cat_2	2	False	False	5	1	0	False	0.0	5.0	0.0	0.0	0.0	0.0	0.0
k141_10694032__full-cat_2	2	False	False	3	1	0	False	0.3333333333333333	2.0	0.0	1.0	0.0	0.0	0.0
k141_10696226__full-cat_1	1	False	False	11	3	0	False	0.0	9.0	1.0	1.0	0.0	0.0	0.0
k141_10701270__full-cat_2	2	False	False	4	2	0	False	0.0	4.0	0.0	0.0	0.0	0.0	0.0
k141_10708276__full-cat_2	2	False	False	7	2	0	False	0.0	7.0	0.0	0.0	0.0	0.0	0.0
k141_10722527__full-cat_2	2	False	False	12	1	0	False	0.0	12.0	0.0	0.0	0.0	0.0	0.0
k141_10725564__full-cat_2	2	False	False	6	2	0	True	0.0	4.0	1.0	1.0	0.0	0.0	0.0
k141_10728304__full-cat_2	2	False	False	2	0	0	False	0.0	2.0	0.0	0.0	0.0	0.0	0.0
k141_10734252__full-cat_2	2	False	False	9	1	0	False	0.1111111111111111	8.0	0.0	1.0	0.0	0.0	0.0
k141_10736077__full-cat_2	2	False	False	7	4	0	True	0.0	7.0	0.0	0.0	0.0	0.0	0.0
k141_11840297__full-cat_1	1	False	False	7	1	0	False	0.0	5.0	2.0	0.0	0.0	0.0	0.0
k141_11843790__full-cat_2	2	False	False	15	3	1	False	0.13333333333333333	12.0	0.0	3.0	0.0	0.0	0.0
k141_11844325__full-cat_2	2	False	False	9	0	0	False	0.1111111111111111	6.0	2.0	1.0	0.0	0.0	0.0
k141_11844964__full-cat_1	1	False	False	12	0	0	False	0.0	11.0	1.0	0.0	0.0	0.0	0.0
k141_11854074__full-cat_1	1	False	False	13	0	0	False	0.0	9.0	3.0	0.0	0.0	1.0	0.0
k141_11857476__full-cat_2	2	False	False	27	0	0	False	0.0	23.0	3.0	1.0	0.0	0.0	0.0
k141_11864840__full-cat_2	2	False	False	6	3	0	False	0.16666666666666666	5.0	0.0	1.0	0.0	0.0	0.0
k141_11872000__full-cat_2	2	False	False	5	3	0	False	0.0	5.0	0.0	0.0	0.0	0.0	0.0
k141_11872464__full-cat_2	2	False	False	9	2	0	False	0.0	8.0	1.0	0.0	0.0	0.0	0.0
k141_11875202__full-cat_1	1	False	False	8	0	0	False	0.0	7.0	1.0	0.0	0.0	0.0	0.0
k141_11875600__full-cat_1	1	False	False	9	1	0	False	0.0	6.0	1.0	0.0	0.0	1.0	1.0
k141_11876438__full-cat_2	2	False	False	8	0	0	False	0.0	8.0	0.0	0.0	0.0	0.0	0.0
k141_11877223__full-cat_2	2	False	False	10	1	0	False	0.2	8.0	0.0	2.0	0.0	0.0	0.0
k141_11881073__full-cat_2	2	False	False	3	2	0	False	0.0	2.0	1.0	0.0	0.0	0.0	0.0
k141_11907231__full-cat_2	2	False	False	17	3	0	False	0.058823529411764705	12.0	1.0	4.0	0.0	0.0	0.0
k141_11915472__full-cat_2	2	False	False	7	0	1	False	0.14285714285714285	6.0	0.0	1.0	0.0	0.0	0.0
k141_11919189__full-cat_2	2	False	False	5	0	0	False	0.0	5.0	0.0	0.0	0.0	0.0	0.0
k141_11925967__full-cat_1	1	False	False	13	1	0	False	0.0	13.0	0.0	0.0	0.0	0.0	0.0
k141_11946890__full-cat_2	2	False	False	6	2	0	False	0.0	6.0	0.0	0.0	0.0	0.0	0.0
k141_11948841__full-cat_2	2	False	False	7	2	0	False	0.14285714285714285	6.0	0.0	1.0	0.0	0.0	0.0
k141_11959190__full-cat_2	2	False	False	7	0	0	False	0.14285714285714285	5.0	1.0	1.0	0.0	0.0	0.0
k141_11964211__full-cat_2	2	False	False	5	3	1	False	0.4	3.0	0.0	2.0	0.0	0.0	0.0
k141_11972918__full-cat_1	1	False	False	12	0	0	False	0.0	12.0	0.0	0.0	0.0	0.0	0.0
k141_11975798__full-cat_2	2	False	False	5	0	0	False	0.0	5.0	0.0	0.0	0.0	0.0	0.0
k141_12006686__full-cat_2	2	False	False	4	1	0	False	0.0	2.0	2.0	0.0	0.0	0.0	0.0
k141_12017004__full-cat_2	2	False	False	5	0	0	False	0.0	5.0	0.0	0.0	0.0	0.0	0.0
k141_12023830__full-cat_2	2	False	False	9	2	0	False	0.0	8.0	0.0	1.0	0.0	0.0	0.0
k141_12024889__full-cat_1	1	False	False	7	0	0	False	0.0	6.0	0.0	1.0	0.0	0.0	0.0
k141_12033039__full-cat_2	2	False	False	3	0	0	False	0.0	2.0	1.0	0.0	0.0	0.0	0.0
k141_12035592__full-cat_2	2	False	False	8	1	0	False	0.125	5.0	1.0	1.0	1.0	0.0	0.0
k141_12063551__full-cat_2	2	False	False	5	3	0	False	0.0	5.0	0.0	0.0	0.0	0.0	0.0
k141_12066265__full-cat_2	2	False	False	8	0	1	False	0.0	6.0	2.0	0.0	0.0	0.0	0.0
k141_12069267__full-cat_1	1	False	False	9	0	0	False	0.0	7.0	2.0	0.0	0.0	0.0	0.0
k141_12074862__full-cat_1	1	False	False	11	2	0	False	0.0	11.0	0.0	0.0	0.0	0.0	0.0
k141_12077390__full-cat_2	2	False	False	6	1	0	False	0.0	5.0	0.0	1.0	0.0	0.0	0.0
k141_12085819__full-cat_2	2	False	False	9	1	0	False	0.0	9.0	0.0	0.0	0.0	0.0	0.0
k141_12095248__full-cat_1	1	False	False	8	0	0	False	0.0	7.0	0.0	0.0	0.0	1.0	0.0
k141_12099523__full-cat_2	2	False	False	4	0	0	False	0.25	2.0	0.0	2.0	0.0	0.0	0.0
k141_12108927__full-cat_2	2	False	False	2	0	0	False	0.0	2.0	0.0	0.0	0.0	0.0	0.0
k141_12111415__full-cat_2	2	False	False	8	2	2	False	0.0	8.0	0.0	0.0	0.0	0.0	0.0
k141_12120424__full-cat_2	2	False	False	8	5	0	False	0.0	8.0	0.0	0.0	0.0	0.0	0.0
k141_12128241__full-cat_2	2	False	False	4	1	0	False	0.25	3.0	0.0	1.0	0.0	0.0	0.0
k141_12129579__full-cat_2	2	False	False	7	3	0	False	0.0	7.0	0.0	0.0	0.0	0.0	0.0
k141_13217201__full-cat_2	2	False	False	5	2	0	False	0.0	5.0	0.0	0.0	0.0	0.0	0.0
k141_13221794__full-cat_2	2	False	False	7	4	0	False	0.0	7.0	0.0	0.0	0.0	0.0	0.0
k141_13222358__full-cat_1	1	False	False	8	0	0	False	0.0	4.0	3.0	0.0	0.0	1.0	0.0
k141_13225399__full-cat_2	2	False	False	2	1	0	False	0.0	2.0	0.0	0.0	0.0	0.0	0.0
k141_13235261__full-cat_2	2	False	False	11	0	3	False	0.2727272727272727	7.0	1.0	3.0	0.0	0.0	0.0
k141_13242718__full-cat_1	1	False	False	14	1	1	False	0.0	13.0	1.0	0.0	0.0	0.0	0.0
k141_13256935__full-cat_1	1	False	False	14	0	0	False	0.0	13.0	1.0	0.0	0.0	0.0	0.0
k141_13267527__full-cat_2	2	False	False	6	0	0	False	0.16666666666666666	5.0	0.0	1.0	0.0	0.0	0.0
k141_13270373__full-cat_1	1	False	False	16	1	0	False	0.0	12.0	4.0	0.0	0.0	0.0	0.0
k141_13283219__full-cat_2	2	False	False	19	3	0	True	0.05263157894736842	12.0	5.0	1.0	1.0	0.0	0.0
k141_13287396__full-cat_2	2	False	False	38	2	0	False	0.0	36.0	1.0	1.0	0.0	0.0	0.0
k141_13290935__full-cat_2	2	False	False	8	4	0	False	0.0	8.0	0.0	0.0	0.0	0.0	0.0
k141_13297960__full-cat_2	2	False	False	4	1	0	False	0.0	4.0	0.0	0.0	0.0	0.0	0.0
k141_13299664__full-cat_2	2	False	False	3	0	1	False	0.0	3.0	0.0	0.0	0.0	0.0	0.0
k141_13306705__full-cat_1	1	False	False	13	0	1	False	0.0	9.0	1.0	2.0	0.0	1.0	0.0
k141_13319618__full-cat_2	2	False	False	9	1	0	False	0.0	9.0	0.0	0.0	0.0	0.0	0.0
k141_13319862__full-cat_2	2	False	False	2	1	0	False	0.0	2.0	0.0	0.0	0.0	0.0	0.0
k141_13320019__full-cat_2	2	False	False	20	2	0	False	0.0	17.0	0.0	1.0	0.0	2.0	0.0
k141_13327802__full-cat_2	2	False	False	6	1	0	False	0.0	6.0	0.0	0.0	0.0	0.0	0.0
k141_13330039__full-cat_2	2	False	False	15	0	0	False	0.06666666666666667	11.0	3.0	1.0	0.0	0.0	0.0
k141_13340617__full-cat_2	2	False	False	8	1	1	False	0.375	5.0	0.0	3.0	0.0	0.0	0.0
k141_13350841__full-cat_2	2	False	False	7	3	0	False	0.0	5.0	0.0	2.0	0.0	0.0	0.0
k141_13365568__full-cat_2	2	False	False	6	2	0	False	0.16666666666666666	5.0	0.0	1.0	0.0	0.0	0.0
k141_13366636__full-cat_2	2	False	False	9	2	2	False	0.2222222222222222	7.0	0.0	2.0	0.0	0.0	0.0
k141_13381840__full-cat_2	2	False	False	7	0	0	False	0.0	7.0	0.0	0.0	0.0	0.0	0.0
k141_13384170__full-cat_2	2	False	False	12	5	0	False	0.16666666666666666	10.0	0.0	2.0	0.0	0.0	0.0
k141_13407083__full-cat_2	2	False	False	9	3	2	False	0.1111111111111111	7.0	1.0	1.0	0.0	0.0	0.0
k141_13411948__full-cat_2	2	False	False	4	0	0	False	0.0	2.0	0.0	1.0	0.0	0.0	1.0
k141_13412951__full-cat_1	1	False	False	3	0	0	False	0.0	3.0	0.0	0.0	0.0	0.0	0.0
k141_13419833__full-cat_2	2	False	False	6	2	0	False	0.0	6.0	0.0	0.0	0.0	0.0	0.0
k141_13427094__full-cat_2	2	False	False	7	2	0	False	0.0	7.0	0.0	0.0	0.0	0.0	0.0
k141_13430927__full-cat_1	1	False	False	9	0	0	False	0.0	7.0	1.0	0.0	0.0	1.0	0.0
k141_13444273__full-cat_2	2	False	False	3	0	0	False	0.0	3.0	0.0	0.0	0.0	0.0	0.0
k141_13454065__full-cat_2	2	False	False	5	1	0	False	0.0	4.0	1.0	0.0	0.0	0.0	0.0
k141_13457768__full-cat_2	2	False	False	15	6	0	False	0.0	14.0	1.0	0.0	0.0	0.0	0.0
k141_13464884__full-cat_2	2	False	False	9	2	0	False	0.0	9.0	0.0	0.0	0.0	0.0	0.0
k141_13466993__full-cat_2	2	False	False	7	3	0	False	0.0	7.0	0.0	0.0	0.0	0.0	0.0
k141_13501618__full-cat_2	2	False	False	7	3	0	False	0.0	6.0	1.0	0.0	0.0	0.0	0.0
k141_13501736__full-cat_2	2	False	False	12	1	0	False	0.0	10.0	2.0	0.0	0.0	0.0	0.0
k141_13504724__full-cat_1	1	False	False	3	0	0	False	0.0	1.0	2.0	0.0	0.0	0.0	0.0
k141_13510608__full-cat_2	2	False	False	5	1	0	False	0.0	5.0	0.0	0.0	0.0	0.0	0.0
k141_14602147__full-cat_2	2	False	False	7	3	0	False	0.14285714285714285	6.0	0.0	1.0	0.0	0.0	0.0
k141_14639660__full-cat_1	1	False	False	9	1	1	False	0.0	7.0	1.0	0.0	0.0	1.0	0.0
k141_14640095__full-cat_1	1	False	False	16	2	0	False	0.0	15.0	1.0	0.0	0.0	0.0	0.0
k141_14644699__full-cat_2	2	False	False	5	2	0	False	0.0	4.0	1.0	0.0	0.0	0.0	0.0
k141_14652920__full-cat_2	2	False	False	5	3	0	False	0.0	4.0	1.0	0.0	0.0	0.0	0.0
k141_14663208__full-cat_2	2	False	False	4	1	0	False	0.0	4.0	0.0	0.0	0.0	0.0	0.0
k141_14671633__full-cat_2	2	False	False	4	0	1	False	0.0	2.0	1.0	1.0	0.0	0.0	0.0
k141_14671760__full-cat_1	1	False	False	13	6	1	False	0.0	13.0	0.0	0.0	0.0	0.0	0.0
k141_14695463__full-cat_2	2	False	False	7	0	0	False	0.14285714285714285	6.0	0.0	1.0	0.0	0.0	0.0
k141_14699539__full-cat_2	2	False	False	8	2	0	False	0.0	8.0	0.0	0.0	0.0	0.0	0.0
k141_14701504__full-cat_2	2	False	False	5	1	0	False	0.0	4.0	1.0	0.0	0.0	0.0	0.0
k141_14719718__full-cat_2	2	False	False	9	4	0	False	0.0	9.0	0.0	0.0	0.0	0.0	0.0
k141_14728342__full-cat_2	2	False	False	4	1	0	False	0.0	4.0	0.0	0.0	0.0	0.0	0.0
k141_14736648__full-cat_2	2	False	False	4	1	0	False	0.0	3.0	0.0	1.0	0.0	0.0	0.0
k141_14743126__full-cat_1	1	False	False	6	0	0	False	0.0	2.0	1.0	1.0	0.0	2.0	0.0
k141_14756528__full-cat_2	2	False	False	4	0	0	False	0.0	2.0	2.0	0.0	0.0	0.0	0.0
k141_14771016__full-cat_2	2	False	False	7	0	0	False	0.0	6.0	0.0	1.0	0.0	0.0	0.0
k141_14772837__full-cat_2	2	False	False	7	2	0	False	0.0	7.0	0.0	0.0	0.0	0.0	0.0
k141_14776653__full-cat_1	1	False	False	15	0	0	False	0.0	14.0	1.0	0.0	0.0	0.0	0.0
k141_14789727__full-cat_1	1	False	False	18	0	0	False	0.0	16.0	1.0	0.0	0.0	1.0	0.0
k141_14798099__full-cat_2	2	False	False	32	3	0	False	0.0	30.0	1.0	1.0	0.0	0.0	0.0
k141_14805592__full-cat_2	2	False	False	7	0	0	False	0.0	7.0	0.0	0.0	0.0	0.0	0.0
k141_14806952__full-cat_2	2	False	False	8	1	0	False	0.125	7.0	0.0	1.0	0.0	0.0	0.0
k141_14809288__full-cat_2	2	False	False	6	2	0	False	0.0	6.0	0.0	0.0	0.0	0.0	0.0
k141_14846648__full-cat_2	2	False	False	13	4	0	False	0.07692307692307693	12.0	0.0	1.0	0.0	0.0	0.0
k141_14849635__full-cat_2	2	False	False	12	3	0	False	0.0	12.0	0.0	0.0	0.0	0.0	0.0
k141_14855477__full-cat_2	2	False	False	13	2	0	False	0.07692307692307693	11.0	1.0	1.0	0.0	0.0	0.0
k141_14855667__full-cat_1	1	False	False	4	0	0	False	0.0	4.0	0.0	0.0	0.0	0.0	0.0
k141_14863569__full-cat_1	1	False	False	8	0	0	False	0.125	5.0	0.0	3.0	0.0	0.0	0.0
k141_14865911__full-cat_2	2	False	False	8	2	0	False	0.0	8.0	0.0	0.0	0.0	0.0	0.0
k141_14870423__full-cat_2	2	False	False	7	1	0	False	0.14285714285714285	6.0	0.0	1.0	0.0	0.0	0.0
k141_16009492__full-cat_2	2	False	False	6	1	0	False	0.0	5.0	0.0	1.0	0.0	0.0	0.0
k141_16009726__full-cat_2	2	False	False	10	2	0	False	0.0	9.0	1.0	0.0	0.0	0.0	0.0
k141_16015727__full-cat_2	2	False	False	6	1	0	False	0.0	5.0	0.0	1.0	0.0	0.0	0.0
k141_16024667__full-cat_1	1	False	False	8	0	0	False	0.0	6.0	1.0	0.0	0.0	1.0	0.0
k141_16025575__full-cat_2	2	False	False	7	3	0	False	0.0	7.0	0.0	0.0	0.0	0.0	0.0
k141_16032384__full-cat_1	1	False	False	28	3	0	False	0.0	23.0	2.0	2.0	0.0	1.0	0.0
k141_16036779__full-cat_2	2	False	False	9	2	0	False	0.1111111111111111	8.0	0.0	1.0	0.0	0.0	0.0
k141_16038090__full-cat_2	2	False	False	5	2	0	False	0.0	5.0	0.0	0.0	0.0	0.0	0.0
k141_16048729__full-cat_2	2	False	False	5	1	1	False	0.0	5.0	0.0	0.0	0.0	0.0	0.0
k141_16063512__full-cat_1	1	False	False	7	0	0	False	0.0	7.0	0.0	0.0	0.0	0.0	0.0
k141_16075172__full-cat_2	2	False	False	3	0	0	False	0.0	3.0	0.0	0.0	0.0	0.0	0.0
k141_16077782__full-cat_2	2	False	False	7	2	0	False	0.0	7.0	0.0	0.0	0.0	0.0	0.0
k141_16085574__full-cat_2	2	False	False	5	3	0	False	0.0	5.0	0.0	0.0	0.0	0.0	0.0
k141_16087481__full-cat_2	2	False	False	9	2	0	False	0.0	8.0	0.0	0.0	1.0	0.0	0.0
k141_16098718__full-cat_2	2	False	False	6	3	0	False	0.0	6.0	0.0	0.0	0.0	0.0	0.0
k141_16104357__full-cat_2	2	False	False	6	2	0	False	0.0	6.0	0.0	0.0	0.0	0.0	0.0
k141_16111468__full-cat_1	1	False	False	37	0	0	False	0.0	21.0	10.0	3.0	1.0	2.0	0.0
k141_16119283__full-cat_2	2	False	False	4	1	0	False	0.0	2.0	2.0	0.0	0.0	0.0	0.0
k141_16123347__full-cat_2	2	False	False	5	0	0	False	0.4	3.0	0.0	2.0	0.0	0.0	0.0
k141_16133504__full-cat_2	2	False	False	21	2	0	False	0.0	19.0	2.0	0.0	0.0	0.0	0.0
k141_16146814__full-cat_2	2	False	False	29	1	1	False	0.0	25.0	3.0	1.0	0.0	0.0	0.0
k141_16157683__full-cat_1	1	False	False	7	1	0	False	0.0	5.0	1.0	0.0	0.0	1.0	0.0
k141_16179537__full-cat_2	2	False	False	7	1	0	True	0.0	2.0	0.0	5.0	0.0	0.0	0.0
k141_16180412__full-cat_2	2	False	False	6	2	0	False	0.16666666666666666	4.0	0.0	1.0	0.0	1.0	0.0
k141_16188397__full-cat_1	1	False	False	5	0	0	False	0.2	4.0	0.0	1.0	0.0	0.0	0.0
k141_16188782__full-cat_1	1	False	False	6	3	0	False	0.0	6.0	0.0	0.0	0.0	0.0	0.0
k141_16206041__full-cat_2	2	False	False	4	2	0	False	0.0	4.0	0.0	0.0	0.0	0.0	0.0
k141_16209297__full-cat_2	2	False	False	8	4	0	False	0.0	8.0	0.0	0.0	0.0	0.0	0.0
k141_16211645__full-cat_2	2	False	False	5	2	0	False	0.0	4.0	0.0	0.0	1.0	0.0	0.0
k141_16238743__full-cat_2	2	False	False	4	1	0	False	0.25	3.0	0.0	1.0	0.0	0.0	0.0
k141_16248467__full-cat_2	2	False	False	6	0	0	False	0.0	6.0	0.0	0.0	0.0	0.0	0.0
k141_16267961__full-cat_2	2	False	False	33	7	0	False	0.0	32.0	1.0	0.0	0.0	0.0	0.0
k141_16268801__full-cat_1	1	False	False	13	0	0	False	0.0	12.0	0.0	0.0	0.0	1.0	0.0
k141_16275110__full-cat_1	1	False	False	6	1	1	False	0.0	6.0	0.0	0.0	0.0	0.0	0.0
k141_16276556__full-cat_2	2	False	False	11	2	0	False	0.18181818181818182	9.0	0.0	2.0	0.0	0.0	0.0
k141_16289905__full-cat_2	2	False	False	5	1	0	False	0.0	4.0	1.0	0.0	0.0	0.0	0.0
k141_16291630__full-cat_2	2	False	False	4	1	0	False	0.0	3.0	1.0	0.0	0.0	0.0	0.0
k141_16293487__full-cat_2	2	False	False	8	1	0	False	0.125	7.0	0.0	1.0	0.0	0.0	0.0
k141_16298635__full-cat_1	1	False	False	5	0	0	False	0.0	5.0	0.0	0.0	0.0	0.0	0.0
k141_17390422__full-cat_2	2	False	False	6	1	0	True	0.0	3.0	0.0	3.0	0.0	0.0	0.0
k141_17393623__full-cat_2	2	False	False	7	1	0	False	0.0	7.0	0.0	0.0	0.0	0.0	0.0
k141_17394189__full-cat_2	2	False	False	9	1	0	False	0.0	8.0	0.0	0.0	0.0	0.0	1.0
k141_17412255__full-cat_2	2	False	False	6	1	0	False	0.0	6.0	0.0	0.0	0.0	0.0	0.0
k141_17421649__full-cat_2	2	False	False	2	0	0	False	0.0	2.0	0.0	0.0	0.0	0.0	0.0
k141_17426889__full-cat_2	2	False	False	12	0	0	False	0.0	12.0	0.0	0.0	0.0	0.0	0.0
k141_17432799__full-cat_2	2	False	False	7	3	0	False	0.0	7.0	0.0	0.0	0.0	0.0	0.0
k141_17435342__full-cat_2	2	False	False	5	0	0	False	0.0	5.0	0.0	0.0	0.0	0.0	0.0
k141_17436895__full-cat_2	2	False	False	5	1	0	False	0.0	5.0	0.0	0.0	0.0	0.0	0.0
k141_17446057__full-cat_2	2	False	False	8	4	0	False	0.25	5.0	0.0	3.0	0.0	0.0	0.0
k141_17447306__full-cat_1	1	False	False	6	2	0	False	0.0	5.0	1.0	0.0	0.0	0.0	0.0
k141_17450454__full-cat_2	2	False	False	5	0	0	False	0.4	2.0	1.0	2.0	0.0	0.0	0.0
k141_17467993__full-cat_2	2	False	False	5	2	0	False	0.0	4.0	1.0	0.0	0.0	0.0	0.0
k141_17481082__full-cat_2	2	False	False	5	1	0	False	0.0	5.0	0.0	0.0	0.0	0.0	0.0
k141_17486608__full-cat_1	1	False	False	12	0	0	False	0.0	10.0	1.0	1.0	0.0	0.0	0.0
k141_17494565__full-cat_2	2	False	False	3	0	0	False	0.0	3.0	0.0	0.0	0.0	0.0	0.0
k141_17495040__full-cat_2	2	False	False	6	0	0	False	0.16666666666666666	5.0	0.0	1.0	0.0	0.0	0.0
k141_17505676__full-cat_2	2	False	False	4	0	0	False	0.0	3.0	1.0	0.0	0.0	0.0	0.0
k141_17508574__full-cat_2	2	False	False	6	0	1	False	0.0	6.0	0.0	0.0	0.0	0.0	0.0
k141_17514196__full-cat_1	1	False	False	6	0	0	False	0.0	2.0	2.0	2.0	0.0	0.0	0.0
k141_17515613__full-cat_2	2	False	False	17	1	0	False	0.0	15.0	2.0	0.0	0.0	0.0	0.0
k141_17517098__full-cat_2	2	False	False	39	0	0	False	0.0	33.0	6.0	0.0	0.0	0.0	0.0
k141_17521784__full-cat_2	2	False	False	6	1	0	False	0.0	6.0	0.0	0.0	0.0	0.0	0.0
k141_17552784__full-cat_2	2	False	False	9	7	0	False	0.0	9.0	0.0	0.0	0.0	0.0	0.0
k141_17554454__full-cat_2	2	False	False	4	0	0	False	0.25	2.0	1.0	1.0	0.0	0.0	0.0
k141_17564482__full-cat_2	2	False	False	8	2	0	False	0.125	7.0	0.0	1.0	0.0	0.0	0.0
k141_17585105__full-cat_2	2	False	False	7	1	0	False	0.2857142857142857	5.0	0.0	2.0	0.0	0.0	0.0
k141_17589138__full-cat_1	1	False	False	11	0	0	False	0.0	7.0	2.0	1.0	0.0	1.0	0.0
k141_17597300__full-cat_2	2	False	False	5	4	0	False	0.0	3.0	1.0	1.0	0.0	0.0	0.0
k141_17599400__full-cat_1	1	False	False	6	0	0	False	0.0	6.0	0.0	0.0	0.0	0.0	0.0
k141_17622982__full-cat_2	2	False	False	6	1	0	False	0.0	6.0	0.0	0.0	0.0	0.0	0.0
k141_17626960__full-cat_2	2	False	False	6	3	0	False	0.0	6.0	0.0	0.0	0.0	0.0	0.0
k141_17627623__full-cat_2	2	False	False	5	2	0	False	0.0	5.0	0.0	0.0	0.0	0.0	0.0
k141_17631629__full-cat_2	2	False	False	5	2	0	False	0.0	4.0	1.0	0.0	0.0	0.0	0.0
k141_17633016__full-cat_2	2	False	False	7	1	0	False	0.0	5.0	0.0	2.0	0.0	0.0	0.0
k141_17640119__full-cat_2	2	False	False	38	0	0	False	0.05263157894736842	27.0	5.0	5.0	1.0	0.0	0.0
k141_17641560__full-cat_2	2	False	False	8	1	0	False	0.0	7.0	1.0	0.0	0.0	0.0	0.0
k141_17650304__full-cat_1	1	False	False	8	0	0	False	0.0	5.0	2.0	1.0	0.0	0.0	0.0
k141_17654167__full-cat_2	2	False	False	8	2	0	False	0.125	7.0	0.0	1.0	0.0	0.0	0.0
k141_17658881__full-cat_2	2	False	False	7	0	0	False	0.14285714285714285	6.0	0.0	1.0	0.0	0.0	0.0
k141_17671545__full-cat_2	2	False	False	7	2	0	False	0.14285714285714285	5.0	0.0	1.0	0.0	0.0	1.0
k141_17674430__full-cat_2	2	False	False	9	5	0	False	0.0	9.0	0.0	0.0	0.0	0.0	0.0
k141_17678794__full-cat_2	2	False	False	7	1	0	False	0.14285714285714285	6.0	0.0	1.0	0.0	0.0	0.0
k141_17687263__full-cat_2	2	False	False	5	4	0	False	0.2	4.0	0.0	1.0	0.0	0.0	0.0
k141_18797790__full-cat_2	2	False	False	16	2	1	False	0.0	15.0	1.0	0.0	0.0	0.0	0.0
k141_18811066__full-cat_2	2	False	False	5	0	0	True	0.0	2.0	0.0	3.0	0.0	0.0	0.0
k141_18814487__full-cat_2	2	False	False	5	0	0	False	0.4	3.0	0.0	2.0	0.0	0.0	0.0
k141_18829898__full-cat_2	2	False	False	19	2	0	False	0.0	14.0	4.0	0.0	1.0	0.0	0.0
k141_18834131__full-cat_1	1	False	False	26	0	0	False	0.0	22.0	3.0	1.0	0.0	0.0	0.0
k141_18858412__full-cat_2	2	False	False	7	0	0	False	0.14285714285714285	6.0	0.0	1.0	0.0	0.0	0.0
k141_18872593__full-cat_2	2	False	False	14	5	0	False	0.0	14.0	0.0	0.0	0.0	0.0	0.0
k141_18880978__full-cat_2	2	False	False	10	0	0	False	0.1	9.0	0.0	1.0	0.0	0.0	0.0
k141_18890923__full-cat_2	2	False	False	13	2	0	False	0.0	13.0	0.0	0.0	0.0	0.0	0.0
k141_18891191__full-cat_2	2	False	False	8	2	0	False	0.125	7.0	0.0	1.0	0.0	0.0	0.0
k141_18907107__full-cat_2	2	False	False	10	2	0	False	0.0	10.0	0.0	0.0	0.0	0.0	0.0
k141_18917411__full-cat_2	2	False	False	15	0	0	False	0.0	14.0	1.0	0.0	0.0	0.0	0.0
k141_18922877__full-cat_2	2	False	False	10	1	2	False	0.2	8.0	0.0	2.0	0.0	0.0	0.0
k141_18923117__full-cat_2	2	False	False	7	1	0	False	0.14285714285714285	6.0	0.0	1.0	0.0	0.0	0.0
k141_18926594__full-cat_1	1	False	False	14	0	0	False	0.0	13.0	1.0	0.0	0.0	0.0	0.0
k141_18943653__full-cat_2	2	False	False	8	3	0	False	0.125	6.0	1.0	1.0	0.0	0.0	0.0
k141_18947051__full-cat_1	1	False	False	7	3	0	False	0.0	6.0	0.0	1.0	0.0	0.0	0.0
k141_18956958__full-cat_2	2	False	False	6	4	0	False	0.0	6.0	0.0	0.0	0.0	0.0	0.0
k141_18961492__full-cat_2	2	False	False	5	1	0	False	0.0	5.0	0.0	0.0	0.0	0.0	0.0
k141_18971699__full-cat_1	1	False	False	6	2	0	False	0.0	5.0	0.0	1.0	0.0	0.0	0.0
k141_18976830__full-cat_2	2	False	False	7	4	0	False	0.0	7.0	0.0	0.0	0.0	0.0	0.0
k141_18977951__full-cat_2	2	False	False	20	0	0	False	0.05	19.0	0.0	1.0	0.0	0.0	0.0
k141_18979757__full-cat_2	2	False	False	5	0	0	False	0.0	5.0	0.0	0.0	0.0	0.0	0.0
k141_18980906__full-cat_2	2	False	False	4	3	0	False	0.0	4.0	0.0	0.0	0.0	0.0	0.0
k141_19005646__full-cat_1	1	False	False	3	2	0	False	0.3333333333333333	2.0	0.0	1.0	0.0	0.0	0.0
k141_19008403__full-cat_2	2	False	False	7	1	0	False	0.0	7.0	0.0	0.0	0.0	0.0	0.0
k141_19016404__full-cat_2	2	False	False	7	3	0	False	0.14285714285714285	5.0	1.0	1.0	0.0	0.0	0.0
k141_19028596__full-cat_1	1	False	False	6	2	0	False	0.16666666666666666	5.0	0.0	1.0	0.0	0.0	0.0
k141_19039968__full-cat_2	2	False	False	6	0	1	False	0.0	6.0	0.0	0.0	0.0	0.0	0.0
k141_19047595__full-cat_2	2	False	False	11	4	0	False	0.0	11.0	0.0	0.0	0.0	0.0	0.0
k141_19049545__full-cat_1	1	False	False	4	0	0	False	0.0	4.0	0.0	0.0	0.0	0.0	0.0
k141_19050051__full-cat_1	1	False	False	8	0	0	False	0.0	7.0	0.0	0.0	0.0	1.0	0.0
k141_19061209__full-cat_2	2	False	False	6	0	0	False	0.16666666666666666	4.0	1.0	1.0	0.0	0.0	0.0
k141_19067129__full-cat_1	1	False	False	25	2	1	False	0.04	19.0	3.0	3.0	0.0	0.0	0.0
k141_19068227__full-cat_2	2	False	False	17	2	0	False	0.058823529411764705	9.0	6.0	1.0	1.0	0.0	0.0
k141_19084823__full-cat_2	2	False	False	8	2	0	True	0.0	8.0	0.0	0.0	0.0	0.0	0.0
k141_20172506__full-cat_2	2	False	False	5	1	0	False	0.0	5.0	0.0	0.0	0.0	0.0	0.0
k141_20174346__full-cat_2	2	False	False	6	0	0	False	0.0	6.0	0.0	0.0	0.0	0.0	0.0
k141_20181795__full-cat_2	2	False	False	4	1	0	False	0.0	4.0	0.0	0.0	0.0	0.0	0.0
k141_20184612__full-cat_2	2	False	False	6	2	0	False	0.0	6.0	0.0	0.0	0.0	0.0	0.0
k141_20194140__full-cat_2	2	False	False	7	1	0	False	0.0	6.0	0.0	1.0	0.0	0.0	0.0
k141_20239395__full-cat_2	2	False	False	8	0	0	False	0.125	5.0	1.0	2.0	0.0	0.0	0.0
k141_20244876__full-cat_1	1	False	False	29	1	0	False	0.0	26.0	2.0	1.0	0.0	0.0	0.0
k141_20252191__full-cat_2	2	False	False	3	1	0	False	0.0	3.0	0.0	0.0	0.0	0.0	0.0
k141_20252793__full-cat_2	2	False	False	6	2	0	False	0.16666666666666666	5.0	0.0	1.0	0.0	0.0	0.0
k141_20258072__full-cat_2	2	False	False	5	1	0	False	0.0	4.0	1.0	0.0	0.0	0.0	0.0
k141_20258678__full-cat_2	2	False	False	4	1	0	False	0.0	4.0	0.0	0.0	0.0	0.0	0.0
k141_20267539__full-cat_1	1	False	False	17	3	0	False	0.0	17.0	0.0	0.0	0.0	0.0	0.0
k141_20273800__full-cat_2	2	False	False	3	1	0	False	0.0	3.0	0.0	0.0	0.0	0.0	0.0
k141_20277692__full-cat_2	2	False	False	6	0	0	False	0.0	6.0	0.0	0.0	0.0	0.0	0.0
k141_20279436__full-cat_2	2	False	False	6	1	0	False	0.0	6.0	0.0	0.0	0.0	0.0	0.0
k141_20284132__full-cat_2	2	False	False	7	1	0	False	0.14285714285714285	2.0	2.0	1.0	2.0	0.0	0.0
k141_20295385__full-cat_2	2	False	False	3	1	0	False	0.0	3.0	0.0	0.0	0.0	0.0	0.0
k141_20372952__full-cat_2	2	False	False	8	3	0	False	0.125	6.0	0.0	2.0	0.0	0.0	0.0
k141_20380031__full-cat_2	2	False	False	8	2	0	False	0.125	7.0	0.0	1.0	0.0	0.0	0.0
k141_20417138__full-cat_2	2	False	False	8	2	0	False	0.0	7.0	0.0	1.0	0.0	0.0	0.0
k141_20424558__full-cat_1	1	False	False	13	3	0	False	0.0	13.0	0.0	0.0	0.0	0.0	0.0
k141_20428938__full-cat_2	2	False	False	4	1	1	False	0.0	3.0	0.0	1.0	0.0	0.0	0.0
k141_20437906__full-cat_1	1	False	False	3	0	0	False	0.0	1.0	0.0	1.0	0.0	1.0	0.0
k141_20441522__full-cat_1	1	False	False	43	0	0	False	0.0	43.0	0.0	0.0	0.0	0.0	0.0
k141_20443874__full-cat_2	2	False	False	3	0	0	False	0.0	3.0	0.0	0.0	0.0	0.0	0.0
k141_20452436__full-cat_2	2	False	False	5	2	0	False	0.2	4.0	0.0	1.0	0.0	0.0	0.0
k141_20457222__full-cat_2	2	False	False	8	1	0	False	0.25	6.0	0.0	2.0	0.0	0.0	0.0
k141_2112043__full-cat_2	2	False	False	4	0	0	False	0.0	4.0	0.0	0.0	0.0	0.0	0.0
k141_2120977__full-cat_2	2	False	False	6	2	0	False	0.0	6.0	0.0	0.0	0.0	0.0	0.0
k141_2126274__full-cat_2	2	False	False	6	2	0	False	0.0	6.0	0.0	0.0	0.0	0.0	0.0
k141_2135060__full-cat_2	2	False	False	11	2	0	False	0.0	10.0	1.0	0.0	0.0	0.0	0.0
k141_2148846__full-cat_2	2	False	False	6	1	0	False	0.0	6.0	0.0	0.0	0.0	0.0	0.0
k141_21550369__full-cat_2	2	False	False	6	1	0	False	0.0	4.0	1.0	1.0	0.0	0.0	0.0
k141_21550913__full-cat_2	2	False	False	16	1	0	False	0.0	14.0	1.0	1.0	0.0	0.0	0.0
k141_21556305__full-cat_2	2	False	False	10	0	0	False	0.0	10.0	0.0	0.0	0.0	0.0	0.0
k141_21559023__full-cat_2	2	False	False	6	1	1	True	0.0	5.0	0.0	1.0	0.0	0.0	0.0
k141_21573152__full-cat_2	2	False	False	9	3	0	False	0.1111111111111111	8.0	0.0	1.0	0.0	0.0	0.0
k141_21573947__full-cat_2	2	False	False	4	2	0	False	0.0	3.0	1.0	0.0	0.0	0.0	0.0
k141_21575490__full-cat_2	2	False	False	10	2	0	False	0.0	10.0	0.0	0.0	0.0	0.0	0.0
k141_21576255__full-cat_1	1	False	False	16	4	0	False	0.0	14.0	1.0	0.0	0.0	1.0	0.0
k141_21577509__full-cat_1	1	False	False	26	3	0	False	0.0	22.0	3.0	1.0	0.0	0.0	0.0
k141_21581720__full-cat_2	2	False	False	9	0	0	False	0.1111111111111111	3.0	4.0	2.0	0.0	0.0	0.0
k141_21591086__full-cat_2	2	False	False	10	1	0	False	0.1	9.0	0.0	1.0	0.0	0.0	0.0
k141_21612160__full-cat_2	2	False	False	12	5	0	False	0.0	11.0	0.0	1.0	0.0	0.0	0.0
k141_21617322__full-cat_1	1	False	False	4	0	0	False	0.0	3.0	1.0	0.0	0.0	0.0	0.0
k141_21618907__full-cat_2	2	False	False	7	0	0	False	0.0	5.0	1.0	1.0	0.0	0.0	0.0
k141_21621697__full-cat_2	2	False	False	6	3	0	False	0.0	6.0	0.0	0.0	0.0	0.0	0.0
k141_21625584__full-cat_2	2	False	False	5	4	0	False	0.2	4.0	0.0	1.0	0.0	0.0	0.0
k141_21628849__full-cat_2	2	False	False	6	3	0	False	0.0	6.0	0.0	0.0	0.0	0.0	0.0
k141_21632845__full-cat_2	2	False	False	6	2	0	False	0.0	5.0	0.0	1.0	0.0	0.0	0.0
k141_21634190__full-cat_1	1	False	False	11	2	0	False	0.09090909090909091	9.0	0.0	2.0	0.0	0.0	0.0
k141_21637766__full-cat_1	1	False	False	8	0	1	False	0.0	5.0	2.0	1.0	0.0	0.0	0.0
k141_21638935__full-cat_2	2	False	False	8	2	1	False	0.125	6.0	1.0	1.0	0.0	0.0	0.0
k141_21639786__full-cat_2	2	False	False	4	1	0	False	0.0	4.0	0.0	0.0	0.0	0.0	0.0
k141_21644275__full-cat_2	2	False	False	5	0	0	False	0.0	5.0	0.0	0.0	0.0	0.0	0.0
k141_21656221__full-cat_2	2	False	False	4	1	0	False	0.0	4.0	0.0	0.0	0.0	0.0	0.0
k141_21656688__full-cat_2	2	False	False	12	0	0	False	0.0	11.0	1.0	0.0	0.0	0.0	0.0
k141_21658253__full-cat_2	2	False	False	16	0	0	False	0.0	16.0	0.0	0.0	0.0	0.0	0.0
k141_21663504__full-cat_2	2	False	False	29	6	0	False	0.0	28.0	1.0	0.0	0.0	0.0	0.0
k141_21665553__full-cat_2	2	False	False	4	1	1	False	0.25	3.0	0.0	1.0	0.0	0.0	0.0
k141_21668684__full-cat_1	1	False	False	10	3	0	False	0.0	9.0	1.0	0.0	0.0	0.0	0.0
k141_21676682__full-cat_2	2	False	False	4	0	0	False	0.25	2.0	0.0	2.0	0.0	0.0	0.0
k141_2169563__full-cat_2	2	False	False	8	4	0	False	0.0	8.0	0.0	0.0	0.0	0.0	0.0
k141_21698751__full-cat_2	2	False	False	5	2	0	False	0.0	5.0	0.0	0.0	0.0	0.0	0.0
k141_21702673__full-cat_2	2	False	False	7	2	0	False	0.14285714285714285	6.0	0.0	1.0	0.0	0.0	0.0
k141_21705523__full-cat_2	2	False	False	7	3	0	False	0.0	7.0	0.0	0.0	0.0	0.0	0.0
k141_21705829__full-cat_2	2	False	False	4	2	0	False	0.0	3.0	1.0	0.0	0.0	0.0	0.0
k141_21708007__full-cat_2	2	False	False	16	1	0	False	0.0625	14.0	0.0	2.0	0.0	0.0	0.0
k141_21710519__full-cat_1	1	False	False	24	0	0	False	0.041666666666666664	22.0	0.0	1.0	1.0	0.0	0.0
k141_21716902__full-cat_2	2	False	False	7	1	2	False	0.14285714285714285	6.0	0.0	1.0	0.0	0.0	0.0
k141_21737025__full-cat_2	2	False	False	14	1	0	False	0.0	13.0	1.0	0.0	0.0	0.0	0.0
k141_21745747__full-cat_1	1	False	False	18	1	0	False	0.0	17.0	1.0	0.0	0.0	0.0	0.0
k141_21756626__full-cat_2	2	False	False	6	3	0	False	0.0	6.0	0.0	0.0	0.0	0.0	0.0
k141_21759982__full-cat_2	2	False	False	8	1	2	False	0.0	7.0	0.0	1.0	0.0	0.0	0.0
k141_21763757__full-cat_2	2	False	False	5	1	0	False	0.0	4.0	0.0	0.0	0.0	0.0	1.0
k141_21775355__full-cat_2	2	False	False	7	0	1	False	0.14285714285714285	6.0	0.0	1.0	0.0	0.0	0.0
k141_21779257__full-cat_2	2	False	False	5	3	0	False	0.2	4.0	0.0	1.0	0.0	0.0	0.0
k141_21793381__full-cat_1	1	False	False	3	0	0	False	0.0	3.0	0.0	0.0	0.0	0.0	0.0
k141_21810325__full-cat_2	2	False	False	8	4	0	False	0.125	6.0	1.0	1.0	0.0	0.0	0.0
k141_21813346__full-cat_2	2	False	False	7	3	0	False	0.14285714285714285	5.0	1.0	1.0	0.0	0.0	0.0
k141_21813719__full-cat_2	2	False	False	6	1	0	False	0.16666666666666666	4.0	1.0	1.0	0.0	0.0	0.0
k141_21823336__full-cat_1	1	False	False	4	1	0	False	0.25	3.0	0.0	1.0	0.0	0.0	0.0
k141_21835318__full-cat_2	2	False	False	6	2	0	False	0.0	6.0	0.0	0.0	0.0	0.0	0.0
k141_21843819__full-cat_2	2	False	False	7	0	0	False	0.0	7.0	0.0	0.0	0.0	0.0	0.0
k141_21844905__full-cat_2	2	False	False	3	1	0	False	0.0	3.0	0.0	0.0	0.0	0.0	0.0
k141_21844951__full-cat_1	1	False	False	7	0	0	False	0.0	7.0	0.0	0.0	0.0	0.0	0.0
k141_21845094__full-cat_2	2	False	False	6	2	0	False	0.0	5.0	0.0	1.0	0.0	0.0	0.0
k141_2187061__full-cat_2	2	False	False	12	0	0	False	0.0	12.0	0.0	0.0	0.0	0.0	0.0
k141_2197237__full-cat_1	1	False	False	24	3	0	False	0.0	22.0	2.0	0.0	0.0	0.0	0.0
k141_2204641__full-cat_2	2	False	False	6	1	0	False	0.16666666666666666	5.0	0.0	1.0	0.0	0.0	0.0
k141_2209555__full-cat_2	2	False	False	4	0	0	False	0.0	4.0	0.0	0.0	0.0	0.0	0.0
k141_2219267__full-cat_2	2	False	False	8	3	0	False	0.0	8.0	0.0	0.0	0.0	0.0	0.0
k141_2222298__full-cat_1	1	False	False	7	0	0	False	0.0	6.0	1.0	0.0	0.0	0.0	0.0
k141_2224381__full-cat_2	2	False	False	5	2	0	False	0.0	5.0	0.0	0.0	0.0	0.0	0.0
k141_2232658__full-cat_1	1	False	False	34	2	0	False	0.029411764705882353	27.0	4.0	3.0	0.0	0.0	0.0
k141_2247245__full-cat_2	2	False	False	6	2	0	False	0.0	6.0	0.0	0.0	0.0	0.0	0.0
k141_2251174__full-cat_1	1	False	False	10	5	1	False	0.1	8.0	1.0	1.0	0.0	0.0	0.0
k141_2257946__full-cat_2	2	False	False	12	0	0	False	0.0	11.0	1.0	0.0	0.0	0.0	0.0
k141_2264314__full-cat_1	1	False	False	22	0	0	False	0.045454545454545456	17.0	2.0	2.0	0.0	1.0	0.0
k141_2267601__full-cat_2	2	False	False	5	1	0	False	0.0	5.0	0.0	0.0	0.0	0.0	0.0
k141_2270798__full-cat_1	1	False	False	17	1	0	False	0.0	11.0	3.0	1.0	0.0	2.0	0.0
k141_2277503__full-cat_1	1	False	False	24	4	2	False	0.125	20.0	0.0	4.0	0.0	0.0	0.0
k141_2292392__full-cat_2	2	False	False	5	2	0	False	0.0	5.0	0.0	0.0	0.0	0.0	0.0
k141_2293637__full-cat_2	2	False	False	19	3	0	False	0.0	18.0	1.0	0.0	0.0	0.0	0.0
k141_22947315__full-cat_1	1	False	False	4	0	0	False	0.0	4.0	0.0	0.0	0.0	0.0	0.0
k141_22965587__full-cat_2	2	False	False	6	1	0	False	0.0	6.0	0.0	0.0	0.0	0.0	0.0
k141_22978214__full-cat_2	2	False	False	20	4	0	False	0.05	17.0	2.0	1.0	0.0	0.0	0.0
k141_22988883__full-cat_2	2	False	False	18	1	0	False	0.0	16.0	2.0	0.0	0.0	0.0	0.0
k141_22994986__full-cat_2	2	False	False	3	0	0	False	0.0	2.0	0.0	1.0	0.0	0.0	0.0
k141_2299576__full-cat_1	1	False	False	7	4	0	False	0.0	7.0	0.0	0.0	0.0	0.0	0.0
k141_2301204__full-cat_2	2	False	False	11	2	0	False	0.0	11.0	0.0	0.0	0.0	0.0	0.0
k141_23018634__full-cat_2	2	False	False	4	1	0	False	0.0	4.0	0.0	0.0	0.0	0.0	0.0
k141_23025321__full-cat_2	2	False	False	6	2	0	False	0.3333333333333333	4.0	0.0	2.0	0.0	0.0	0.0
k141_2303291__full-cat_2	2	False	False	5	1	0	False	0.2	4.0	0.0	1.0	0.0	0.0	0.0
k141_23036925__full-cat_2	2	False	False	6	1	0	False	0.0	6.0	0.0	0.0	0.0	0.0	0.0
k141_23041948__full-cat_2	2	False	False	5	0	0	False	0.0	5.0	0.0	0.0	0.0	0.0	0.0
k141_2306056__full-cat_2	2	False	False	18	0	0	False	0.0	17.0	1.0	0.0	0.0	0.0	0.0
k141_23064846__full-cat_2	2	False	False	8	3	0	False	0.0	8.0	0.0	0.0	0.0	0.0	0.0
k141_2306490__full-cat_1	1	False	False	7	0	0	False	0.0	3.0	4.0	0.0	0.0	0.0	0.0
k141_23078697__full-cat_1	1	False	False	21	0	0	False	0.0	20.0	1.0	0.0	0.0	0.0	0.0
k141_23094145__full-cat_1	1	False	False	5	0	0	False	0.0	3.0	2.0	0.0	0.0	0.0	0.0
k141_23100162__full-cat_2	2	False	False	3	0	0	False	0.0	2.0	1.0	0.0	0.0	0.0	0.0
k141_23106554__full-cat_1	1	False	False	8	0	0	False	0.0	6.0	1.0	0.0	0.0	1.0	0.0
k141_23115770__full-cat_2	2	False	False	4	2	0	False	0.0	4.0	0.0	0.0	0.0	0.0	0.0
k141_23121777__full-cat_2	2	False	False	5	0	0	False	0.0	5.0	0.0	0.0	0.0	0.0	0.0
k141_23139392__full-cat_2	2	False	False	7	2	0	False	0.0	7.0	0.0	0.0	0.0	0.0	0.0
k141_23147852__full-cat_2	2	False	False	4	2	0	False	0.0	4.0	0.0	0.0	0.0	0.0	0.0
k141_23158371__full-cat_2	2	False	False	7	0	0	False	0.0	6.0	1.0	0.0	0.0	0.0	0.0
k141_23160281__full-cat_2	2	False	False	8	2	0	False	0.125	7.0	0.0	1.0	0.0	0.0	0.0
k141_23167155__full-cat_2	2	False	False	21	0	0	False	0.0	18.0	3.0	0.0	0.0	0.0	0.0
k141_23168182__full-cat_2	2	False	False	5	3	0	False	0.2	4.0	0.0	1.0	0.0	0.0	0.0
k141_23171611__full-cat_1	1	False	False	8	0	0	False	0.0	5.0	2.0	1.0	0.0	0.0	0.0
k141_23183254__full-cat_2	2	False	False	5	1	0	False	0.2	4.0	0.0	1.0	0.0	0.0	0.0
k141_23184187__full-cat_2	2	False	False	16	0	0	False	0.0	14.0	1.0	0.0	1.0	0.0	0.0
k141_23201692__full-cat_2	2	False	False	10	2	0	False	0.0	10.0	0.0	0.0	0.0	0.0	0.0
k141_23206569__full-cat_2	2	False	False	16	1	0	False	0.0	15.0	0.0	1.0	0.0	0.0	0.0
k141_23211909__full-cat_1	1	False	False	9	2	1	False	0.0	6.0	0.0	2.0	0.0	1.0	0.0
k141_23212010__full-cat_1	1	False	False	9	0	0	False	0.0	5.0	0.0	4.0	0.0	0.0	0.0
k141_23213876__full-cat_2	2	False	False	8	2	0	False	0.0	8.0	0.0	0.0	0.0	0.0	0.0
k141_23217037__full-cat_2	2	False	False	7	2	0	False	0.0	6.0	1.0	0.0	0.0	0.0	0.0
k141_23228514__full-cat_2	2	False	False	2	0	0	False	0.0	1.0	1.0	0.0	0.0	0.0	0.0
k141_2324212__full-cat_2	2	False	False	8	4	0	False	0.0	6.0	1.0	0.0	0.0	1.0	0.0
k141_2337192__full-cat_2	2	False	False	5	3	0	False	0.2	4.0	0.0	1.0	0.0	0.0	0.0
k141_2338463__full-cat_2	2	False	False	9	3	0	False	0.0	8.0	1.0	0.0	0.0	0.0	0.0
k141_2345251__full-cat_2	2	False	False	5	1	0	False	0.0	4.0	1.0	0.0	0.0	0.0	0.0
k141_2346021__full-cat_1	1	False	False	7	0	0	False	0.0	6.0	1.0	0.0	0.0	0.0	0.0
k141_2357331__full-cat_2	2	False	False	5	2	0	False	0.0	5.0	0.0	0.0	0.0	0.0	0.0
k141_2366386__full-cat_2	2	False	False	8	3	0	False	0.0	8.0	0.0	0.0	0.0	0.0	0.0
k141_2375039__full-cat_2	2	False	False	7	1	3	False	0.42857142857142855	4.0	0.0	3.0	0.0	0.0	0.0
k141_2379670__full-cat_2	2	False	False	5	1	0	False	0.2	4.0	0.0	1.0	0.0	0.0	0.0
k141_2395545__full-cat_2	2	False	False	4	0	0	False	0.0	4.0	0.0	0.0	0.0	0.0	0.0
k141_2407077__full-cat_2	2	False	False	17	0	0	False	0.058823529411764705	15.0	1.0	1.0	0.0	0.0	0.0
k141_2410167__full-cat_2	2	False	False	4	2	0	False	0.0	3.0	1.0	0.0	0.0	0.0	0.0
k141_2410330__full-cat_1	1	False	False	7	0	0	False	0.0	6.0	1.0	0.0	0.0	0.0	0.0
k141_2413081__full-cat_2	2	False	False	4	2	0	False	0.0	3.0	0.0	1.0	0.0	0.0	0.0
k141_24324849__full-cat_2	2	False	False	9	2	0	True	0.0	9.0	0.0	0.0	0.0	0.0	0.0
k141_24329772__full-cat_2	2	False	False	22	3	0	False	0.0	20.0	2.0	0.0	0.0	0.0	0.0
k141_24334824__full-cat_2	2	False	False	22	5	0	False	0.045454545454545456	21.0	0.0	1.0	0.0	0.0	0.0
k141_24336232__full-cat_2	2	False	False	19	1	0	False	0.0	18.0	1.0	0.0	0.0	0.0	0.0
k141_24337218__full-cat_2	2	False	False	9	4	0	False	0.2222222222222222	7.0	0.0	2.0	0.0	0.0	0.0
k141_24353585__full-cat_1	1	False	False	52	3	0	False	0.019230769230769232	34.0	9.0	5.0	0.0	4.0	0.0
k141_24362898__full-cat_2	2	False	False	10	3	0	False	0.1	7.0	1.0	2.0	0.0	0.0	0.0
k141_24366213__full-cat_1	1	False	False	11	0	0	False	0.0	6.0	3.0	0.0	0.0	2.0	0.0
k141_24369982__full-cat_2	2	False	False	5	0	0	False	0.0	5.0	0.0	0.0	0.0	0.0	0.0
k141_24378515__full-cat_2	2	False	False	8	1	0	False	0.0	8.0	0.0	0.0	0.0	0.0	0.0
k141_24392624__full-cat_2	2	False	False	6	0	0	False	0.0	5.0	0.0	1.0	0.0	0.0	0.0
k141_24397942__full-cat_2	2	False	False	5	0	0	False	0.0	5.0	0.0	0.0	0.0	0.0	0.0
k141_24404395__full-cat_1	1	False	False	41	10	1	False	0.0	36.0	5.0	0.0	0.0	0.0	0.0
k141_24407691__full-cat_2	2	False	False	6	2	1	False	0.16666666666666666	5.0	0.0	1.0	0.0	0.0	0.0
k141_24412591__full-cat_1	1	False	False	10	3	0	False	0.0	9.0	1.0	0.0	0.0	0.0	0.0
k141_24415643__full-cat_2	2	False	False	12	2	0	False	0.08333333333333333	11.0	0.0	1.0	0.0	0.0	0.0
k141_24443432__full-cat_2	2	False	False	14	0	0	False	0.0	13.0	0.0	1.0	0.0	0.0	0.0
k141_24443721__full-cat_2	2	False	False	4	1	0	False	0.0	4.0	0.0	0.0	0.0	0.0	0.0
k141_24447744__full-cat_2	2	False	False	5	2	1	False	0.0	4.0	1.0	0.0	0.0	0.0	0.0
k141_24461205__full-cat_2	2	False	False	6	1	0	False	0.0	5.0	1.0	0.0	0.0	0.0	0.0
k141_24462139__full-cat_1	1	False	False	20	4	1	False	0.0	18.0	1.0	1.0	0.0	0.0	0.0
k141_24462468__full-cat_1	1	False	False	7	0	0	False	0.0	7.0	0.0	0.0	0.0	0.0	0.0
k141_24462583__full-cat_2	2	False	False	4	2	0	False	0.0	4.0	0.0	0.0	0.0	0.0	0.0
k141_24462877__full-cat_2	2	False	False	7	2	0	False	0.0	5.0	1.0	1.0	0.0	0.0	0.0
k141_24469906__full-cat_2	2	False	False	4	2	0	False	0.25	3.0	0.0	1.0	0.0	0.0	0.0
k141_24476919__full-cat_1	1	False	False	12	1	0	False	0.08333333333333333	11.0	0.0	1.0	0.0	0.0	0.0
k141_24478111__full-cat_2	2	False	False	7	3	1	False	0.0	5.0	0.0	2.0	0.0	0.0	0.0
k141_24478745__full-cat_2	2	False	False	8	4	0	False	0.125	7.0	0.0	1.0	0.0	0.0	0.0
k141_24482148__full-cat_2	2	False	False	8	3	0	False	0.0	8.0	0.0	0.0	0.0	0.0	0.0
k141_24485483__full-cat_2	2	False	False	5	1	0	False	0.2	4.0	0.0	1.0	0.0	0.0	0.0
k141_24496940__full-cat_2	2	False	False	10	3	0	False	0.0	10.0	0.0	0.0	0.0	0.0	0.0
k141_24504627__full-cat_2	2	False	False	6	3	0	False	0.0	6.0	0.0	0.0	0.0	0.0	0.0
k141_24522181__full-cat_2	2	False	False	6	2	0	False	0.0	5.0	0.0	1.0	0.0	0.0	0.0
k141_24522483__full-cat_1	1	False	False	9	0	0	False	0.0	8.0	1.0	0.0	0.0	0.0	0.0
k141_24524383__full-cat_2	2	False	False	4	0	0	False	0.0	4.0	0.0	0.0	0.0	0.0	0.0
k141_24526961__full-cat_2	2	False	False	8	5	0	False	0.0	8.0	0.0	0.0	0.0	0.0	0.0
k141_24528979__full-cat_2	2	False	False	6	1	1	False	0.0	5.0	1.0	0.0	0.0	0.0	0.0
k141_24532862__full-cat_2	2	False	False	12	2	0	False	0.0	12.0	0.0	0.0	0.0	0.0	0.0
k141_24534836__full-cat_2	2	False	False	7	1	0	False	0.0	7.0	0.0	0.0	0.0	0.0	0.0
k141_24535606__full-cat_1	1	False	False	9	2	0	False	0.1111111111111111	7.0	0.0	2.0	0.0	0.0	0.0
k141_24536598__full-cat_2	2	False	False	4	0	0	False	0.0	4.0	0.0	0.0	0.0	0.0	0.0
k141_24547670__full-cat_2	2	False	False	7	3	0	False	0.0	7.0	0.0	0.0	0.0	0.0	0.0
k141_24558279__full-cat_2	2	False	False	4	1	0	False	0.0	4.0	0.0	0.0	0.0	0.0	0.0
k141_24575806__full-cat_1	1	False	False	5	1	0	False	0.0	3.0	2.0	0.0	0.0	0.0	0.0
k141_24595295__full-cat_2	2	False	False	6	2	0	False	0.3333333333333333	4.0	0.0	2.0	0.0	0.0	0.0
k141_24611856__full-cat_2	2	False	False	6	1	0	False	0.0	6.0	0.0	0.0	0.0	0.0	0.0
k141_25714935__full-cat_2	2	False	False	11	4	0	False	0.0	11.0	0.0	0.0	0.0	0.0	0.0
k141_25718576__full-cat_2	2	False	False	3	0	0	False	0.0	3.0	0.0	0.0	0.0	0.0	0.0
k141_25719888__full-cat_1	1	False	False	9	0	0	False	0.0	8.0	1.0	0.0	0.0	0.0	0.0
k141_25726216__full-cat_2	2	False	False	7	0	0	False	0.0	6.0	1.0	0.0	0.0	0.0	0.0
k141_25735690__full-cat_2	2	False	False	6	1	0	False	0.0	5.0	1.0	0.0	0.0	0.0	0.0
k141_25744803__full-cat_1	1	False	False	12	2	0	False	0.0	11.0	0.0	1.0	0.0	0.0	0.0
k141_25750270__full-cat_2	2	False	False	13	0	0	False	0.0	12.0	1.0	0.0	0.0	0.0	0.0
k141_25750641__full-cat_2	2	False	False	3	0	0	False	0.3333333333333333	2.0	0.0	1.0	0.0	0.0	0.0
k141_25754432__full-cat_2	2	False	False	8	1	0	True	0.0	8.0	0.0	0.0	0.0	0.0	0.0
k141_25756380__full-cat_1	1	False	False	10	1	0	False	0.0	8.0	2.0	0.0	0.0	0.0	0.0
k141_25763446__full-cat_2	2	False	False	4	1	0	False	0.0	4.0	0.0	0.0	0.0	0.0	0.0
k141_25774498__full-cat_2	2	False	False	23	7	0	False	0.0	23.0	0.0	0.0	0.0	0.0	0.0
k141_25792299__full-cat_2	2	False	False	7	4	0	False	0.0	7.0	0.0	0.0	0.0	0.0	0.0
k141_25795650__full-cat_2	2	False	False	8	1	0	False	0.0	6.0	1.0	1.0	0.0	0.0	0.0
k141_25816215__full-cat_1	1	False	False	24	0	0	False	0.08333333333333333	22.0	0.0	2.0	0.0	0.0	0.0
k141_25839078__full-cat_2	2	False	False	7	2	0	False	0.14285714285714285	6.0	0.0	1.0	0.0	0.0	0.0
k141_25839341__full-cat_2	2	False	False	12	3	0	False	0.0	12.0	0.0	0.0	0.0	0.0	0.0
k141_25841993__full-cat_2	2	False	False	3	1	0	False	0.0	3.0	0.0	0.0	0.0	0.0	0.0
k141_25860201__full-cat_1	1	False	False	5	0	0	False	0.0	5.0	0.0	0.0	0.0	0.0	0.0
k141_25864347__full-cat_2	2	False	False	5	2	0	False	0.0	5.0	0.0	0.0	0.0	0.0	0.0
k141_25867563__full-cat_2	2	False	False	5	3	0	False	0.4	2.0	1.0	2.0	0.0	0.0	0.0
k141_25874071__full-cat_1	1	False	False	4	0	0	False	0.0	3.0	1.0	0.0	0.0	0.0	0.0
k141_25875117__full-cat_1	1	False	False	15	0	0	False	0.0	10.0	4.0	0.0	0.0	1.0	0.0
k141_25877834__full-cat_1	1	False	False	58	2	0	False	0.017241379310344827	49.0	4.0	4.0	0.0	1.0	0.0
k141_25879174__full-cat_1	1	False	False	19	0	0	False	0.0	18.0	0.0	0.0	0.0	1.0	0.0
k141_25891664__full-cat_1	1	False	False	11	0	0	False	0.0	9.0	0.0	2.0	0.0	0.0	0.0
k141_25898591__full-cat_2	2	False	False	11	0	0	False	0.0	9.0	2.0	0.0	0.0	0.0	0.0
k141_25902363__full-cat_1	1	False	False	14	2	0	False	0.0	13.0	1.0	0.0	0.0	0.0	0.0
k141_25904762__full-cat_2	2	False	False	11	3	0	False	0.0	11.0	0.0	0.0	0.0	0.0	0.0
k141_25915600__full-cat_2	2	False	False	8	2	0	False	0.125	7.0	0.0	1.0	0.0	0.0	0.0
k141_25919373__full-cat_2	2	False	False	6	2	0	False	0.0	5.0	1.0	0.0	0.0	0.0	0.0
k141_25920635__full-cat_2	2	False	False	4	2	0	False	0.0	4.0	0.0	0.0	0.0	0.0	0.0
k141_25922756__full-cat_2	2	False	False	11	1	0	False	0.0	5.0	5.0	1.0	0.0	0.0	0.0
k141_25924353__full-cat_2	2	False	False	5	3	0	False	0.0	5.0	0.0	0.0	0.0	0.0	0.0
k141_25927624__full-cat_2	2	False	False	6	3	0	False	0.0	6.0	0.0	0.0	0.0	0.0	0.0
k141_25927769__full-cat_2	2	False	False	8	1	1	False	0.0	7.0	0.0	1.0	0.0	0.0	0.0
k141_25929876__full-cat_1	1	False	False	7	0	0	False	0.0	5.0	2.0	0.0	0.0	0.0	0.0
k141_25936932__full-cat_2	2	False	False	6	1	1	False	0.0	6.0	0.0	0.0	0.0	0.0	0.0
k141_25945371__full-cat_2	2	False	False	5	1	0	False	0.0	4.0	1.0	0.0	0.0	0.0	0.0
k141_25957085__full-cat_2	2	False	False	3	2	0	False	0.0	3.0	0.0	0.0	0.0	0.0	0.0
k141_25958270__full-cat_2	2	False	False	6	1	0	False	0.0	4.0	0.0	2.0	0.0	0.0	0.0
k141_25960569__full-cat_2	2	False	False	6	1	0	False	0.16666666666666666	5.0	0.0	1.0	0.0	0.0	0.0
k141_25961908__full-cat_2	2	False	False	29	0	0	False	0.034482758620689655	28.0	0.0	1.0	0.0	0.0	0.0
k141_25968656__full-cat_1	1	False	False	56	1	1	False	0.017857142857142856	43.0	7.0	6.0	0.0	0.0	0.0
k141_25971192__full-cat_2	2	False	False	7	4	0	False	0.0	7.0	0.0	0.0	0.0	0.0	0.0
k141_25985228__full-cat_2	2	False	False	4	2	0	False	0.0	4.0	0.0	0.0	0.0	0.0	0.0
k141_25991773__full-cat_2	2	False	False	8	3	0	False	0.0	8.0	0.0	0.0	0.0	0.0	0.0
k141_27111100__full-cat_1	1	False	False	87	6	0	False	0.0	76.0	7.0	3.0	1.0	0.0	0.0
k141_27116656__full-cat_2	2	False	False	2	1	0	False	0.0	2.0	0.0	0.0	0.0	0.0	0.0
k141_27117145__full-cat_2	2	False	False	7	3	0	False	0.14285714285714285	5.0	1.0	1.0	0.0	0.0	0.0
k141_27133143__full-cat_2	2	False	False	7	2	0	False	0.0	7.0	0.0	0.0	0.0	0.0	0.0
k141_27135327__full-cat_1	1	False	False	10	0	0	False	0.0	10.0	0.0	0.0	0.0	0.0	0.0
k141_27139332__full-cat_2	2	False	False	6	2	0	False	0.16666666666666666	5.0	0.0	1.0	0.0	0.0	0.0
k141_27149669__full-cat_2	2	False	False	8	0	0	False	0.125	7.0	0.0	1.0	0.0	0.0	0.0
k141_27159398__full-cat_1	1	False	False	5	0	0	False	0.0	2.0	2.0	1.0	0.0	0.0	0.0
k141_27170317__full-cat_2	2	False	False	6	3	0	False	0.0	6.0	0.0	0.0	0.0	0.0	0.0
k141_27174578__full-cat_2	2	False	False	8	1	0	False	0.0	8.0	0.0	0.0	0.0	0.0	0.0
k141_27186410__full-cat_1	1	False	False	7	0	0	False	0.0	7.0	0.0	0.0	0.0	0.0	0.0
k141_27195731__full-cat_2	2	False	False	6	1	0	False	0.0	6.0	0.0	0.0	0.0	0.0	0.0
k141_27198011__full-cat_2	2	False	False	3	0	0	False	0.0	3.0	0.0	0.0	0.0	0.0	0.0
k141_27208968__full-cat_2	2	False	False	8	4	0	True	0.0	6.0	0.0	0.0	2.0	0.0	0.0
k141_27213535__full-cat_2	2	False	False	25	0	1	False	0.04	23.0	0.0	2.0	0.0	0.0	0.0
k141_27218391__full-cat_2	2	False	False	13	6	0	False	0.0	12.0	0.0	0.0	1.0	0.0	0.0
k141_27225043__full-cat_2	2	False	False	3	1	0	False	0.0	2.0	1.0	0.0	0.0	0.0	0.0
k141_27236152__full-cat_1	1	False	False	7	0	0	False	0.0	4.0	0.0	2.0	1.0	0.0	0.0
k141_27238906__full-cat_2	2	False	False	7	1	0	False	0.0	7.0	0.0	0.0	0.0	0.0	0.0
k141_27261759__full-cat_2	2	False	False	3	2	0	False	0.0	3.0	0.0	0.0	0.0	0.0	0.0
k141_27263918__full-cat_2	2	False	False	5	2	0	True	0.0	4.0	0.0	1.0	0.0	0.0	0.0
k141_27264167__full-cat_2	2	False	False	76	4	0	False	0.0	72.0	4.0	0.0	0.0	0.0	0.0
k141_27264609__full-cat_2	2	False	False	4	1	0	False	0.0	3.0	1.0	0.0	0.0	0.0	0.0
k141_27280601__full-cat_2	2	False	False	10	2	0	False	0.0	9.0	1.0	0.0	0.0	0.0	0.0
k141_27294582__full-cat_1	1	False	False	6	0	0	False	0.0	6.0	0.0	0.0	0.0	0.0	0.0
k141_27310259__full-cat_2	2	False	False	12	3	0	False	0.08333333333333333	10.0	0.0	2.0	0.0	0.0	0.0
k141_27311195__full-cat_2	2	False	False	4	0	0	False	0.0	3.0	1.0	0.0	0.0	0.0	0.0
k141_27320390__full-cat_2	2	False	False	18	0	0	False	0.0	17.0	1.0	0.0	0.0	0.0	0.0
k141_27334683__full-cat_1	1	False	False	10	0	0	False	0.0	7.0	2.0	1.0	0.0	0.0	0.0
k141_27337849__full-cat_2	2	False	False	4	1	0	False	0.0	4.0	0.0	0.0	0.0	0.0	0.0
k141_27338490__full-cat_2	2	False	False	6	2	0	False	0.0	6.0	0.0	0.0	0.0	0.0	0.0
k141_27343567__full-cat_2	2	False	False	8	2	0	False	0.125	6.0	1.0	1.0	0.0	0.0	0.0
k141_27345126__full-cat_2	2	False	False	3	0	0	False	0.0	2.0	0.0	1.0	0.0	0.0	0.0
k141_27350941__full-cat_2	2	False	False	15	5	0	False	0.06666666666666667	14.0	0.0	1.0	0.0	0.0	0.0
k141_27365896__full-cat_2	2	False	False	5	0	0	False	0.0	5.0	0.0	0.0	0.0	0.0	0.0
k141_27371638__full-cat_1	1	False	False	20	2	0	False	0.0	16.0	2.0	2.0	0.0	0.0	0.0
k141_27373870__full-cat_1	1	False	False	9	0	0	False	0.0	5.0	1.0	1.0	0.0	2.0	0.0
k141_27379396__full-cat_2	2	False	False	9	1	0	False	0.0	9.0	0.0	0.0	0.0	0.0	0.0
k141_27392732__full-cat_2	2	False	False	8	6	0	False	0.125	7.0	0.0	1.0	0.0	0.0	0.0
k141_27396499__full-cat_2	2	False	False	4	2	0	False	0.0	4.0	0.0	0.0	0.0	0.0	0.0
k141_27400950__full-cat_1	1	False	False	19	1	0	False	0.05263157894736842	12.0	6.0	1.0	0.0	0.0	0.0
k141_27402144__full-cat_2	2	False	False	7	2	0	False	0.0	6.0	1.0	0.0	0.0	0.0	0.0
k141_27411140__full-cat_2	2	False	False	3	0	0	False	0.0	3.0	0.0	0.0	0.0	0.0	0.0
k141_27412493__full-cat_1	1	False	False	15	2	0	False	0.0	13.0	0.0	2.0	0.0	0.0	0.0
k141_28497198__full-cat_2	2	False	False	4	2	0	False	0.0	4.0	0.0	0.0	0.0	0.0	0.0
k141_28500414__full-cat_1	1	False	False	7	1	0	False	0.0	7.0	0.0	0.0	0.0	0.0	0.0
k141_28502415__full-cat_2	2	False	False	4	2	0	False	0.0	3.0	1.0	0.0	0.0	0.0	0.0
k141_28510365__full-cat_2	2	False	False	4	1	0	False	0.25	2.0	0.0	2.0	0.0	0.0	0.0
k141_28511537__full-cat_2	2	False	False	6	0	0	False	0.0	6.0	0.0	0.0	0.0	0.0	0.0
k141_28514475__full-cat_2	2	False	False	18	0	0	False	0.05555555555555555	13.0	4.0	1.0	0.0	0.0	0.0
k141_28515183__full-cat_2	2	False	False	7	3	1	False	0.14285714285714285	4.0	2.0	1.0	0.0	0.0	0.0
k141_28516821__full-cat_1	1	False	False	21	2	0	False	0.0	19.0	1.0	1.0	0.0	0.0	0.0
k141_28520767__full-cat_2	2	False	False	11	3	0	False	0.0	10.0	1.0	0.0	0.0	0.0	0.0
k141_28535939__full-cat_1	1	False	False	15	0	0	False	0.0	13.0	1.0	1.0	0.0	0.0	0.0
k141_28539305__full-cat_1	1	False	False	43	2	5	False	0.046511627906976744	37.0	4.0	2.0	0.0	0.0	0.0
k141_28547964__full-cat_2	2	False	False	10	3	0	False	0.0	8.0	0.0	2.0	0.0	0.0	0.0
k141_28551388__full-cat_2	2	False	False	6	2	0	False	0.3333333333333333	4.0	0.0	2.0	0.0	0.0	0.0
k141_28555354__full-cat_2	2	False	False	5	1	0	False	0.0	5.0	0.0	0.0	0.0	0.0	0.0
k141_28567928__full-cat_1	1	False	False	6	0	0	False	0.0	5.0	0.0	1.0	0.0	0.0	0.0
k141_28570677__full-cat_2	2	False	False	6	0	0	False	0.0	5.0	1.0	0.0	0.0	0.0	0.0
k141_28574859__full-cat_1	1	False	False	8	1	0	False	0.0	7.0	1.0	0.0	0.0	0.0	0.0
k141_28576365__full-cat_2	2	False	False	7	3	0	False	0.0	7.0	0.0	0.0	0.0	0.0	0.0
k141_28578026__full-cat_2	2	False	False	8	3	0	False	0.0	7.0	1.0	0.0	0.0	0.0	0.0
k141_28582542__full-cat_2	2	False	False	3	0	0	False	0.0	3.0	0.0	0.0	0.0	0.0	0.0
k141_28584977__full-cat_1	1	False	False	5	1	0	False	0.2	4.0	0.0	1.0	0.0	0.0	0.0
k141_28594045__full-cat_2	2	False	False	4	2	0	False	0.0	4.0	0.0	0.0	0.0	0.0	0.0
k141_28596337__full-cat_1	1	False	False	6	2	2	False	0.16666666666666666	5.0	0.0	1.0	0.0	0.0	0.0
k141_28603650__full-cat_2	2	False	False	10	2	0	False	0.0	9.0	1.0	0.0	0.0	0.0	0.0
k141_28620299__full-cat_2	2	False	False	10	0	0	False	0.0	6.0	4.0	0.0	0.0	0.0	0.0
k141_28636080__full-cat_1	1	False	False	16	6	0	False	0.0625	15.0	0.0	1.0	0.0	0.0	0.0
k141_28648384__full-cat_2	2	False	False	15	5	0	False	0.0	15.0	0.0	0.0	0.0	0.0	0.0
k141_28663588__full-cat_2	2	False	False	5	0	0	False	0.0	5.0	0.0	0.0	0.0	0.0	0.0
k141_28672673__full-cat_1	1	False	False	8	0	0	False	0.0	7.0	0.0	1.0	0.0	0.0	0.0
k141_28673421__full-cat_2	2	False	False	16	4	0	False	0.0625	14.0	0.0	2.0	0.0	0.0	0.0
k141_28676241__full-cat_2	2	False	False	8	2	0	False	0.0	8.0	0.0	0.0	0.0	0.0	0.0
k141_28682201__full-cat_2	2	False	False	11	2	0	True	0.0	11.0	0.0	0.0	0.0	0.0	0.0
k141_28688750__full-cat_2	2	False	False	6	3	0	False	0.0	6.0	0.0	0.0	0.0	0.0	0.0
k141_28693372__full-cat_1	1	False	False	17	0	0	False	0.0	16.0	1.0	0.0	0.0	0.0	0.0
k141_28694600__full-cat_2	2	False	False	7	0	0	False	0.14285714285714285	6.0	0.0	1.0	0.0	0.0	0.0
k141_28707387__full-cat_2	2	False	False	4	1	0	False	0.0	4.0	0.0	0.0	0.0	0.0	0.0
k141_28711622__full-cat_2	2	False	False	5	3	0	False	0.0	4.0	0.0	1.0	0.0	0.0	0.0
k141_28715019__full-cat_2	2	False	False	5	1	0	False	0.0	4.0	1.0	0.0	0.0	0.0	0.0
k141_28736701__full-cat_2	2	False	False	7	2	0	True	0.0	6.0	0.0	0.0	1.0	0.0	0.0
k141_28741892__full-cat_1	1	False	False	8	1	0	False	0.0	7.0	0.0	0.0	0.0	1.0	0.0
k141_28756370__full-cat_2	2	False	False	6	0	0	False	0.0	6.0	0.0	0.0	0.0	0.0	0.0
k141_28757228__full-cat_2	2	False	False	21	2	2	False	0.09523809523809523	19.0	0.0	2.0	0.0	0.0	0.0
k141_28766409__full-cat_1	1	False	False	5	3	1	False	0.4	3.0	0.0	2.0	0.0	0.0	0.0
k141_28771262__full-cat_2	2	False	False	10	5	0	False	0.1	9.0	0.0	1.0	0.0	0.0	0.0
k141_28774733__full-cat_2	2	False	False	5	1	0	False	0.2	4.0	0.0	1.0	0.0	0.0	0.0
k141_28775031__full-cat_2	2	False	False	6	2	0	False	0.0	6.0	0.0	0.0	0.0	0.0	0.0
k141_28776004__full-cat_1	1	False	False	45	2	2	False	0.022222222222222223	31.0	12.0	2.0	0.0	0.0	0.0
k141_28776251__full-cat_2	2	False	False	5	2	0	False	0.0	5.0	0.0	0.0	0.0	0.0	0.0
k141_29878301__full-cat_2	2	False	False	4	3	0	False	0.0	3.0	1.0	0.0	0.0	0.0	0.0
k141_29892430__full-cat_2	2	False	False	13	0	0	False	0.0	12.0	0.0	1.0	0.0	0.0	0.0
k141_29896316__full-cat_2	2	False	False	6	0	0	False	0.0	6.0	0.0	0.0	0.0	0.0	0.0
k141_29896407__full-cat_2	2	False	False	6	1	0	False	0.0	6.0	0.0	0.0	0.0	0.0	0.0
k141_29909256__full-cat_2	2	False	False	12	2	1	False	0.0	12.0	0.0	0.0	0.0	0.0	0.0
k141_29920513__full-cat_2	2	False	False	7	1	0	False	0.2857142857142857	5.0	0.0	2.0	0.0	0.0	0.0
k141_29921720__full-cat_1	1	False	False	34	0	0	False	0.0	25.0	5.0	1.0	1.0	2.0	0.0
k141_29922924__full-cat_2	2	False	False	3	1	0	False	0.0	3.0	0.0	0.0	0.0	0.0	0.0
k141_29928711__full-cat_2	2	False	False	6	1	0	False	0.0	6.0	0.0	0.0	0.0	0.0	0.0
k141_29932380__full-cat_2	2	False	False	13	2	1	False	0.0	12.0	1.0	0.0	0.0	0.0	0.0
k141_29966302__full-cat_2	2	False	False	8	3	0	False	0.0	8.0	0.0	0.0	0.0	0.0	0.0
k141_29967256__full-cat_2	2	False	False	6	0	0	False	0.16666666666666666	5.0	0.0	1.0	0.0	0.0	0.0
k141_29972690__full-cat_2	2	False	False	6	0	0	False	0.0	6.0	0.0	0.0	0.0	0.0	0.0
k141_29975544__full-cat_2	2	False	False	3	0	0	False	0.0	3.0	0.0	0.0	0.0	0.0	0.0
k141_29978950__full-cat_1	1	False	False	8	0	0	False	0.0	4.0	1.0	3.0	0.0	0.0	0.0
k141_29983301__full-cat_1	1	False	False	6	0	0	False	0.0	6.0	0.0	0.0	0.0	0.0	0.0
k141_30002365__full-cat_1	1	False	False	12	2	2	False	0.0	12.0	0.0	0.0	0.0	0.0	0.0
k141_30017396__full-cat_2	2	False	False	3	1	0	False	0.0	3.0	0.0	0.0	0.0	0.0	0.0
k141_30018031__full-cat_2	2	False	False	8	2	0	False	0.0	7.0	1.0	0.0	0.0	0.0	0.0
k141_30022286__full-cat_2	2	False	False	16	0	0	False	0.0	16.0	0.0	0.0	0.0	0.0	0.0
k141_30036553__full-cat_2	2	False	False	6	2	0	False	0.0	4.0	2.0	0.0	0.0	0.0	0.0
k141_30045628__full-cat_2	2	False	False	7	0	0	False	0.14285714285714285	4.0	2.0	1.0	0.0	0.0	0.0
k141_30056677__full-cat_1	1	False	False	5	0	0	False	0.0	3.0	2.0	0.0	0.0	0.0	0.0
k141_30072458__full-cat_1	1	False	False	45	1	0	False	0.06666666666666667	30.0	8.0	6.0	0.0	1.0	0.0
k141_30084988__full-cat_1	1	False	False	11	0	0	False	0.0	9.0	0.0	1.0	1.0	0.0	0.0
k141_30091030__full-cat_2	2	False	False	21	3	0	False	0.0	21.0	0.0	0.0	0.0	0.0	0.0
k141_30096748__full-cat_2	2	False	False	5	2	0	False	0.2	3.0	0.0	2.0	0.0	0.0	0.0
k141_30101327__full-cat_2	2	False	False	5	2	0	False	0.0	4.0	1.0	0.0	0.0	0.0	0.0
k141_30108120__full-cat_2	2	False	False	15	0	0	False	0.0	15.0	0.0	0.0	0.0	0.0	0.0
k141_30113304__full-cat_2	2	False	False	7	0	0	False	0.0	7.0	0.0	0.0	0.0	0.0	0.0
k141_30125131__full-cat_2	2	False	False	3	0	0	False	0.6666666666666666	1.0	0.0	2.0	0.0	0.0	0.0
k141_30128401__full-cat_2	2	False	False	6	1	0	False	0.0	6.0	0.0	0.0	0.0	0.0	0.0
k141_30131239__full-cat_1	1	False	False	10	0	0	False	0.0	8.0	2.0	0.0	0.0	0.0	0.0
k141_30138371__full-cat_2	2	False	False	13	6	1	False	0.0	13.0	0.0	0.0	0.0	0.0	0.0
k141_30153421__full-cat_1	1	False	False	5	0	0	False	0.2	3.0	1.0	1.0	0.0	0.0	0.0
k141_30155846__full-cat_2	2	False	False	7	2	0	False	0.14285714285714285	6.0	0.0	1.0	0.0	0.0	0.0
k141_30156391__full-cat_1	1	False	False	10	2	0	False	0.0	6.0	2.0	0.0	0.0	2.0	0.0
k141_30160827__full-cat_1	1	False	False	41	9	0	False	0.0	35.0	4.0	2.0	0.0	0.0	0.0
k141_30173123__full-cat_2	2	False	False	7	1	0	False	0.14285714285714285	6.0	0.0	1.0	0.0	0.0	0.0
k141_31271217__full-cat_2	2	False	False	11	5	0	False	0.0	10.0	1.0	0.0	0.0	0.0	0.0
k141_31271753__full-cat_1	1	False	False	74	4	0	False	0.013513513513513514	68.0	1.0	2.0	1.0	2.0	0.0
k141_31273734__full-cat_2	2	False	False	16	2	1	False	0.125	12.0	2.0	2.0	0.0	0.0	0.0
k141_31274402__full-cat_2	2	False	False	5	2	0	False	0.0	5.0	0.0	0.0	0.0	0.0	0.0
k141_31280933__full-cat_2	2	False	False	6	0	0	False	0.0	6.0	0.0	0.0	0.0	0.0	0.0
k141_31284141__full-cat_2	2	False	False	13	0	0	False	0.0	13.0	0.0	0.0	0.0	0.0	0.0
k141_31284750__full-cat_2	2	False	False	5	1	0	False	0.0	5.0	0.0	0.0	0.0	0.0	0.0
k141_31292763__full-cat_1	1	False	False	193	12	2	False	0.05181347150259067	155.0	20.0	17.0	1.0	0.0	0.0
k141_31294433__full-cat_2	2	False	False	8	4	0	False	0.0	8.0	0.0	0.0	0.0	0.0	0.0
k141_31298650__full-cat_2	2	False	False	3	1	0	False	0.0	3.0	0.0	0.0	0.0	0.0	0.0
k141_31308682__full-cat_2	2	False	False	5	1	0	False	0.0	4.0	0.0	1.0	0.0	0.0	0.0
k141_31318150__full-cat_1	1	False	False	6	0	0	False	0.0	5.0	0.0	0.0	0.0	1.0	0.0
k141_31328189__full-cat_2	2	False	False	7	0	0	False	0.14285714285714285	6.0	0.0	1.0	0.0	0.0	0.0
k141_31332638__full-cat_2	2	False	False	8	0	0	False	0.125	7.0	0.0	1.0	0.0	0.0	0.0
k141_31336461__full-cat_2	2	False	False	5	1	0	False	0.2	4.0	0.0	1.0	0.0	0.0	0.0
k141_31339535__full-cat_2	2	False	False	7	2	0	False	0.0	7.0	0.0	0.0	0.0	0.0	0.0
k141_31340892__full-cat_2	2	False	False	8	2	0	False	0.0	8.0	0.0	0.0	0.0	0.0	0.0
k141_31342359__full-cat_2	2	False	False	11	0	0	False	0.18181818181818182	7.0	2.0	2.0	0.0	0.0	0.0
k141_31345145__full-cat_1	1	False	False	9	5	0	False	0.0	8.0	1.0	0.0	0.0	0.0	0.0
k141_31348231__full-cat_2	2	False	False	6	1	1	False	0.16666666666666666	4.0	1.0	1.0	0.0	0.0	0.0
k141_31354447__full-cat_2	2	False	False	6	1	0	False	0.0	6.0	0.0	0.0	0.0	0.0	0.0
k141_31355408__full-cat_2	2	False	False	5	1	0	False	0.0	3.0	2.0	0.0	0.0	0.0	0.0
k141_31356943__full-cat_2	2	False	False	10	0	0	False	0.0	8.0	1.0	1.0	0.0	0.0	0.0
k141_31358710__full-cat_2	2	False	False	6	3	0	False	0.0	6.0	0.0	0.0	0.0	0.0	0.0
k141_31360201__full-cat_2	2	False	False	15	1	0	False	0.0	14.0	1.0	0.0	0.0	0.0	0.0
k141_31364498__full-cat_2	2	False	False	8	2	0	False	0.125	6.0	0.0	2.0	0.0	0.0	0.0
k141_31369092__full-cat_2	2	False	False	8	2	0	False	0.0	7.0	1.0	0.0	0.0	0.0	0.0
k141_31374545__full-cat_1	1	False	False	4	0	0	False	0.0	3.0	0.0	0.0	0.0	1.0	0.0
k141_31385018__full-cat_1	1	False	False	5	0	0	False	0.0	2.0	3.0	0.0	0.0	0.0	0.0
k141_31386222__full-cat_1	1	False	False	8	0	0	False	0.0	6.0	0.0	2.0	0.0	0.0	0.0
k141_31398229__full-cat_2	2	False	False	4	2	0	False	0.0	4.0	0.0	0.0	0.0	0.0	0.0
k141_31404280__full-cat_2	2	False	False	7	1	0	False	0.0	6.0	1.0	0.0	0.0	0.0	0.0
k141_31419118__full-cat_2	2	False	False	11	5	0	False	0.0	11.0	0.0	0.0	0.0	0.0	0.0
k141_31426742__full-cat_2	2	False	False	9	3	0	False	0.1111111111111111	8.0	0.0	1.0	0.0	0.0	0.0
k141_31459922__full-cat_1	1	False	False	7	0	0	False	0.0	6.0	1.0	0.0	0.0	0.0	0.0
k141_31477929__full-cat_2	2	False	False	6	1	0	False	0.0	6.0	0.0	0.0	0.0	0.0	0.0
k141_31479830__full-cat_2	2	False	False	10	0	0	False	0.1	9.0	0.0	1.0	0.0	0.0	0.0
k141_31490011__full-cat_2	2	False	False	5	1	0	False	0.0	5.0	0.0	0.0	0.0	0.0	0.0
k141_31499306__full-cat_2	2	False	False	5	2	0	False	0.0	4.0	1.0	0.0	0.0	0.0	0.0
k141_31508362__full-cat_2	2	False	False	6	2	0	False	0.0	6.0	0.0	0.0	0.0	0.0	0.0
k141_31510274__full-cat_2	2	False	False	6	2	0	False	0.0	6.0	0.0	0.0	0.0	0.0	0.0
k141_31512849__full-cat_2	2	False	False	4	1	0	False	0.0	4.0	0.0	0.0	0.0	0.0	0.0
k141_31519294__full-cat_2	2	False	False	4	1	0	False	0.0	3.0	1.0	0.0	0.0	0.0	0.0
k141_31521769__full-cat_2	2	False	False	5	2	0	False	0.4	3.0	0.0	2.0	0.0	0.0	0.0
k141_31537049__full-cat_2	2	False	False	5	2	0	False	0.4	2.0	1.0	2.0	0.0	0.0	0.0
k141_31538082__full-cat_1	1	False	False	8	0	0	False	0.0	7.0	0.0	0.0	0.0	1.0	0.0
k141_31559025__full-cat_2	2	False	False	22	0	0	False	0.0	22.0	0.0	0.0	0.0	0.0	0.0
k141_32673202__full-cat_1	1	False	False	14	1	0	False	0.0	14.0	0.0	0.0	0.0	0.0	0.0
k141_32679639__full-cat_2	2	False	False	11	3	0	False	0.0	11.0	0.0	0.0	0.0	0.0	0.0
k141_32680341__full-cat_2	2	False	False	5	1	2	False	0.0	5.0	0.0	0.0	0.0	0.0	0.0
k141_32686644__full-cat_2	2	False	False	8	0	0	False	0.0	8.0	0.0	0.0	0.0	0.0	0.0
k141_32694855__full-cat_2	2	False	False	5	0	0	False	0.0	5.0	0.0	0.0	0.0	0.0	0.0
k141_32695469__full-cat_2	2	False	False	7	0	1	False	0.0	7.0	0.0	0.0	0.0	0.0	0.0
k141_32696356__full-cat_2	2	False	False	5	1	0	False	0.0	4.0	1.0	0.0	0.0	0.0	0.0
k141_32704675__full-cat_2	2	False	False	13	8	0	False	0.0	13.0	0.0	0.0	0.0	0.0	0.0
k141_32706055__full-cat_2	2	False	False	9	6	0	False	0.0	9.0	0.0	0.0	0.0	0.0	0.0
k141_32722644__full-cat_2	2	False	False	5	3	0	False	0.0	5.0	0.0	0.0	0.0	0.0	0.0
k141_32729085__full-cat_2	2	False	False	5	1	0	False	0.4	3.0	0.0	2.0	0.0	0.0	0.0
k141_32749343__full-cat_2	2	False	False	9	1	0	False	0.0	6.0	2.0	1.0	0.0	0.0	0.0
k141_32749831__full-cat_2	2	False	False	9	2	0	False	0.1111111111111111	8.0	0.0	1.0	0.0	0.0	0.0
k141_32753579__full-cat_2	2	False	False	7	3	0	False	0.0	7.0	0.0	0.0	0.0	0.0	0.0
k141_32762460__full-cat_2	2	False	False	6	3	0	False	0.0	6.0	0.0	0.0	0.0	0.0	0.0
k141_32771093__full-cat_2	2	False	False	7	0	0	False	0.0	5.0	0.0	2.0	0.0	0.0	0.0
k141_32778313__full-cat_2	2	False	False	5	0	0	False	0.0	5.0	0.0	0.0	0.0	0.0	0.0
k141_32789174__full-cat_2	2	False	False	4	1	0	False	0.0	4.0	0.0	0.0	0.0	0.0	0.0
k141_32791772__full-cat_2	2	False	False	8	1	0	False	0.0	8.0	0.0	0.0	0.0	0.0	0.0
k141_32797975__full-cat_2	2	False	False	3	0	0	False	0.0	3.0	0.0	0.0	0.0	0.0	0.0
k141_32851352__full-cat_2	2	False	False	10	0	0	False	0.1	7.0	2.0	1.0	0.0	0.0	0.0
k141_32859900__full-cat_2	2	False	False	5	1	0	False	0.0	5.0	0.0	0.0	0.0	0.0	0.0
k141_32867751__full-cat_1	1	False	False	13	0	0	False	0.0	12.0	1.0	0.0	0.0	0.0	0.0
k141_32871367__full-cat_2	2	False	False	7	2	0	False	0.0	6.0	0.0	1.0	0.0	0.0	0.0
k141_32884004__full-cat_1	1	False	False	17	1	0	False	0.11764705882352941	14.0	0.0	2.0	1.0	0.0	0.0
k141_32898408__full-cat_1	1	False	False	7	0	0	False	0.14285714285714285	5.0	1.0	1.0	0.0	0.0	0.0
k141_32902446__full-cat_2	2	False	False	6	1	0	False	0.0	5.0	0.0	1.0	0.0	0.0	0.0
k141_32902495__full-cat_2	2	False	False	3	0	0	False	0.0	2.0	0.0	1.0	0.0	0.0	0.0
k141_32912828__full-cat_2	2	False	False	6	3	0	False	0.0	5.0	1.0	0.0	0.0	0.0	0.0
k141_32913811__full-cat_2	2	False	False	7	1	0	False	0.0	6.0	1.0	0.0	0.0	0.0	0.0
k141_32918437__full-cat_2	2	False	False	8	2	0	False	0.0	8.0	0.0	0.0	0.0	0.0	0.0
k141_32923298__full-cat_1	1	False	False	32	3	1	False	0.0	27.0	4.0	1.0	0.0	0.0	0.0
k141_32933391__full-cat_2	2	False	False	13	2	0	False	0.07692307692307693	12.0	0.0	1.0	0.0	0.0	0.0
k141_32948893__full-cat_2	2	False	False	6	0	0	False	0.16666666666666666	5.0	0.0	1.0	0.0	0.0	0.0
k141_3502368__full-cat_2	2	False	False	8	3	0	False	0.0	8.0	0.0	0.0	0.0	0.0	0.0
k141_3504387__full-cat_1	1	False	False	20	2	0	False	0.05	16.0	3.0	1.0	0.0	0.0	0.0
k141_3505181__full-cat_2	2	False	False	4	0	0	False	0.0	4.0	0.0	0.0	0.0	0.0	0.0
k141_3514504__full-cat_2	2	False	False	6	4	0	False	0.0	6.0	0.0	0.0	0.0	0.0	0.0
k141_3537160__full-cat_2	2	False	False	3	1	0	False	0.0	2.0	1.0	0.0	0.0	0.0	0.0
k141_3556112__full-cat_2	2	False	False	7	4	0	False	0.0	5.0	0.0	2.0	0.0	0.0	0.0
k141_3562869__full-cat_2	2	False	False	7	3	0	False	0.14285714285714285	6.0	0.0	1.0	0.0	0.0	0.0
k141_3582132__full-cat_2	2	False	False	10	0	0	False	0.0	10.0	0.0	0.0	0.0	0.0	0.0
k141_3616216__full-cat_2	2	False	False	6	0	0	False	0.0	6.0	0.0	0.0	0.0	0.0	0.0
k141_3635904__full-cat_2	2	False	False	10	0	0	False	0.0	9.0	1.0	0.0	0.0	0.0	0.0
k141_3641032__full-cat_1	1	False	False	5	1	0	False	0.0	4.0	1.0	0.0	0.0	0.0	0.0
k141_3644146__full-cat_2	2	False	False	6	1	0	False	0.0	5.0	1.0	0.0	0.0	0.0	0.0
k141_3649119__full-cat_2	2	False	False	8	2	0	False	0.0	6.0	0.0	1.0	1.0	0.0	0.0
k141_3649664__full-cat_1	1	False	False	14	0	0	False	0.0	12.0	0.0	2.0	0.0	0.0	0.0
k141_3659682__full-cat_2	2	False	False	7	1	0	False	0.0	6.0	0.0	1.0	0.0	0.0	0.0
k141_3682841__full-cat_2	2	False	False	3	0	0	False	0.0	2.0	0.0	0.0	0.0	1.0	0.0
k141_3690151__full-cat_2	2	False	False	5	2	0	False	0.2	4.0	0.0	1.0	0.0	0.0	0.0
k141_3690330__full-cat_2	2	False	False	7	1	0	False	0.2857142857142857	4.0	1.0	2.0	0.0	0.0	0.0
k141_3691047__full-cat_2	2	False	False	6	2	0	False	0.3333333333333333	4.0	0.0	2.0	0.0	0.0	0.0
k141_3700352__full-cat_1	1	False	False	6	0	0	False	0.0	5.0	1.0	0.0	0.0	0.0	0.0
k141_3712086__full-cat_1	1	False	False	24	1	0	False	0.0	17.0	5.0	1.0	0.0	1.0	0.0
k141_3718637__full-cat_1	1	False	False	3	1	0	False	0.0	2.0	1.0	0.0	0.0	0.0	0.0
k141_3721123__full-cat_2	2	False	False	8	0	1	False	0.0	5.0	1.0	2.0	0.0	0.0	0.0
k141_3738542__full-cat_2	2	False	False	8	3	0	False	0.125	6.0	0.0	2.0	0.0	0.0	0.0
k141_3747307__full-cat_2	2	False	False	7	1	0	False	0.14285714285714285	4.0	0.0	2.0	0.0	0.0	1.0
k141_3747440__full-cat_2	2	False	False	5	2	0	False	0.0	4.0	1.0	0.0	0.0	0.0	0.0
k141_3757235__full-cat_2	2	False	False	10	4	0	False	0.1	9.0	0.0	1.0	0.0	0.0	0.0
k141_3775742__full-cat_1	1	False	False	8	0	0	False	0.0	7.0	0.0	0.0	0.0	1.0	0.0
k141_3780219__full-cat_1	1	False	False	14	0	0	False	0.0	11.0	0.0	3.0	0.0	0.0	0.0
k141_3787278__full-cat_2	2	False	False	8	1	0	False	0.0	7.0	1.0	0.0	0.0	0.0	0.0
k141_3793061__full-cat_2	2	False	False	12	5	0	False	0.0	11.0	0.0	1.0	0.0	0.0	0.0
k141_4888547__full-cat_2	2	False	False	6	1	0	False	0.0	6.0	0.0	0.0	0.0	0.0	0.0
k141_4906617__full-cat_2	2	False	False	6	0	0	False	0.0	5.0	1.0	0.0	0.0	0.0	0.0
k141_4912823__full-cat_2	2	False	False	5	0	0	False	0.0	5.0	0.0	0.0	0.0	0.0	0.0
k141_4916772__full-cat_1	1	False	False	7	0	0	False	0.0	6.0	1.0	0.0	0.0	0.0	0.0
k141_4922385__full-cat_2	2	False	False	15	7	0	False	0.0	13.0	2.0	0.0	0.0	0.0	0.0
k141_4922850__full-cat_2	2	False	False	8	5	1	False	0.0	7.0	1.0	0.0	0.0	0.0	0.0
k141_4925003__full-cat_2	2	False	False	6	1	0	False	0.0	6.0	0.0	0.0	0.0	0.0	0.0
k141_4934024__full-cat_2	2	False	False	8	4	0	False	0.0	8.0	0.0	0.0	0.0	0.0	0.0
k141_4935478__full-cat_2	2	False	False	3	1	0	False	0.0	3.0	0.0	0.0	0.0	0.0	0.0
k141_4939097__full-cat_2	2	False	False	2	0	0	False	0.0	2.0	0.0	0.0	0.0	0.0	0.0
k141_4947725__full-cat_1	1	False	False	6	0	0	False	0.0	3.0	2.0	0.0	0.0	1.0	0.0
k141_4950653__full-cat_1	1	False	False	8	0	0	False	0.0	7.0	0.0	0.0	0.0	1.0	0.0
k141_4964364__full-cat_2	2	False	False	8	3	0	False	0.0	8.0	0.0	0.0	0.0	0.0	0.0
k141_4980609__full-cat_2	2	False	False	8	3	0	False	0.0	7.0	1.0	0.0	0.0	0.0	0.0
k141_4989359__full-cat_2	2	False	False	7	0	0	False	0.0	7.0	0.0	0.0	0.0	0.0	0.0
k141_4996871__full-cat_1	1	False	False	18	0	0	False	0.0	16.0	1.0	0.0	0.0	1.0	0.0
k141_4998624__full-cat_1	1	False	False	4	1	0	False	0.0	3.0	0.0	0.0	0.0	1.0	0.0
k141_5007269__full-cat_2	2	False	False	7	2	0	False	0.0	6.0	1.0	0.0	0.0	0.0	0.0
k141_5012374__full-cat_2	2	False	False	13	5	0	False	0.0	13.0	0.0	0.0	0.0	0.0	0.0
k141_5017136__full-cat_2	2	False	False	21	3	2	False	0.0	20.0	1.0	0.0	0.0	0.0	0.0
k141_5039846__full-cat_2	2	False	False	4	2	0	False	0.0	4.0	0.0	0.0	0.0	0.0	0.0
k141_5040595__full-cat_2	2	False	False	7	5	0	False	0.0	7.0	0.0	0.0	0.0	0.0	0.0
k141_5047610__full-cat_2	2	False	False	9	3	0	False	0.1111111111111111	7.0	0.0	1.0	0.0	1.0	0.0
k141_5065519__full-cat_2	2	False	False	9	3	1	False	0.0	9.0	0.0	0.0	0.0	0.0	0.0
k141_5073676__full-cat_2	2	False	False	3	1	0	False	0.0	3.0	0.0	0.0	0.0	0.0	0.0
k141_5078219__full-cat_2	2	False	False	6	3	0	False	0.0	6.0	0.0	0.0	0.0	0.0	0.0
k141_5080888__full-cat_2	2	False	False	28	7	0	False	0.0	24.0	2.0	2.0	0.0	0.0	0.0
k141_5087670__full-cat_1	1	False	False	9	2	0	False	0.0	7.0	2.0	0.0	0.0	0.0	0.0
k141_5087840__full-cat_1	1	False	False	15	0	0	False	0.0	13.0	0.0	0.0	0.0	2.0	0.0
k141_5092173__full-cat_2	2	False	False	7	1	0	False	0.0	7.0	0.0	0.0	0.0	0.0	0.0
k141_5096750__full-cat_1	1	False	False	7	0	0	False	0.2857142857142857	5.0	0.0	2.0	0.0	0.0	0.0
k141_5099915__full-cat_2	2	False	False	5	0	0	False	0.2	4.0	0.0	1.0	0.0	0.0	0.0
k141_5101347__full-cat_2	2	False	False	11	1	0	True	0.0	10.0	0.0	1.0	0.0	0.0	0.0
k141_5107285__full-cat_2	2	False	False	7	3	0	False	0.14285714285714285	6.0	0.0	1.0	0.0	0.0	0.0
k141_5115374__full-cat_2	2	False	False	4	1	0	False	0.0	4.0	0.0	0.0	0.0	0.0	0.0
k141_5129314__full-cat_2	2	False	False	9	0	0	False	0.2222222222222222	7.0	0.0	2.0	0.0	0.0	0.0
k141_5142928__full-cat_2	2	False	False	94	0	2	False	0.010638297872340425	89.0	4.0	1.0	0.0	0.0	0.0
k141_5144994__full-cat_2	2	False	False	20	0	0	False	0.05	14.0	4.0	2.0	0.0	0.0	0.0
k141_5148581__full-cat_1	1	False	False	44	4	1	False	0.06818181818181818	33.0	6.0	5.0	0.0	0.0	0.0
k141_5149149__full-cat_1	1	False	False	10	0	0	False	0.0	8.0	0.0	0.0	1.0	1.0	0.0
k141_5153998__full-cat_2	2	False	False	6	1	0	False	0.0	5.0	1.0	0.0	0.0	0.0	0.0
k141_5166461__full-cat_2	2	False	False	2	0	0	False	0.0	2.0	0.0	0.0	0.0	0.0	0.0
k141_5166675__full-cat_2	2	False	False	3	0	0	False	0.0	3.0	0.0	0.0	0.0	0.0	0.0
k141_5170223__full-cat_2	2	False	False	8	1	0	False	0.0	8.0	0.0	0.0	0.0	0.0	0.0
k141_5178749__full-cat_1	1	False	False	17	0	0	False	0.058823529411764705	12.0	4.0	1.0	0.0	0.0	0.0
k141_5180893__full-cat_2	2	False	False	5	2	0	False	0.0	5.0	0.0	0.0	0.0	0.0	0.0
k141_5183878__full-cat_1	1	False	False	13	1	0	False	0.0	11.0	0.0	1.0	0.0	1.0	0.0
k141_5186284__full-cat_2	2	False	False	6	1	0	False	0.0	6.0	0.0	0.0	0.0	0.0	0.0
k141_6276091__full-cat_1	1	False	False	24	0	0	False	0.0	11.0	12.0	1.0	0.0	0.0	0.0
k141_6276133__full-cat_2	2	False	False	13	3	0	False	0.07692307692307693	11.0	1.0	1.0	0.0	0.0	0.0
k141_6277994__full-cat_2	2	False	False	7	2	0	False	0.14285714285714285	6.0	0.0	1.0	0.0	0.0	0.0
k141_6278219__full-cat_2	2	False	False	4	0	0	False	0.0	4.0	0.0	0.0	0.0	0.0	0.0
k141_6284606__full-cat_2	2	False	False	3	1	0	False	0.0	2.0	1.0	0.0	0.0	0.0	0.0
k141_6285017__full-cat_2	2	False	False	8	5	0	False	0.25	6.0	0.0	2.0	0.0	0.0	0.0
k141_6290775__full-cat_2	2	False	False	8	4	0	False	0.125	7.0	0.0	1.0	0.0	0.0	0.0
k141_6300733__full-cat_2	2	False	False	5	3	0	False	0.0	5.0	0.0	0.0	0.0	0.0	0.0
k141_6308764__full-cat_2	2	False	False	7	3	0	False	0.0	7.0	0.0	0.0	0.0	0.0	0.0
k141_6326915__full-cat_1	1	False	False	36	2	0	False	0.0	31.0	2.0	1.0	0.0	2.0	0.0
k141_6336537__full-cat_2	2	False	False	10	5	0	False	0.0	10.0	0.0	0.0	0.0	0.0	0.0
k141_6350829__full-cat_2	2	False	False	6	1	0	False	0.0	6.0	0.0	0.0	0.0	0.0	0.0
k141_6358563__full-cat_2	2	False	False	21	5	1	False	0.0	18.0	2.0	1.0	0.0	0.0	0.0
k141_6367911__full-cat_2	2	False	False	15	2	0	False	0.0	15.0	0.0	0.0	0.0	0.0	0.0
k141_6377802__full-cat_2	2	False	False	5	3	0	False	0.0	5.0	0.0	0.0	0.0	0.0	0.0
k141_6384406__full-cat_2	2	False	False	7	2	0	False	0.0	7.0	0.0	0.0	0.0	0.0	0.0
k141_6411464__full-cat_1	1	False	False	13	0	0	False	0.0	10.0	1.0	1.0	0.0	1.0	0.0
k141_6416469__full-cat_2	2	False	False	6	1	0	False	0.0	6.0	0.0	0.0	0.0	0.0	0.0
k141_6423677__full-cat_2	2	False	False	10	5	0	False	0.3	6.0	1.0	3.0	0.0	0.0	0.0
k141_6425334__full-cat_2	2	False	False	16	0	0	False	0.0	12.0	2.0	1.0	0.0	1.0	0.0
k141_6425648__full-cat_2	2	False	False	10	0	0	False	0.0	8.0	2.0	0.0	0.0	0.0	0.0
k141_6434566__full-cat_2	2	False	False	6	1	0	False	0.0	6.0	0.0	0.0	0.0	0.0	0.0
k141_6435557__full-cat_2	2	False	False	6	4	0	False	0.0	5.0	0.0	1.0	0.0	0.0	0.0
k141_6435660__full-cat_2	2	False	False	6	1	0	False	0.0	6.0	0.0	0.0	0.0	0.0	0.0
k141_6438740__full-cat_1	1	False	False	9	0	0	False	0.0	4.0	2.0	1.0	0.0	2.0	0.0
k141_6440397__full-cat_2	2	False	False	4	1	0	False	0.0	3.0	0.0	1.0	0.0	0.0	0.0
k141_6442237__full-cat_2	2	False	False	5	2	0	False	0.0	5.0	0.0	0.0	0.0	0.0	0.0
k141_6446209__full-cat_1	1	False	False	7	1	1	False	0.14285714285714285	6.0	0.0	1.0	0.0	0.0	0.0
k141_6471811__full-cat_2	2	False	False	9	3	0	False	0.1111111111111111	7.0	1.0	1.0	0.0	0.0	0.0
k141_6493723__full-cat_2	2	False	False	9	4	2	True	0.1111111111111111	7.0	0.0	1.0	1.0	0.0	0.0
k141_6495647__full-cat_2	2	False	False	6	3	0	False	0.0	6.0	0.0	0.0	0.0	0.0	0.0
k141_6496278__full-cat_2	2	False	False	7	1	0	False	0.2857142857142857	5.0	0.0	2.0	0.0	0.0	0.0
k141_6496832__full-cat_2	2	False	False	12	2	0	False	0.16666666666666666	9.0	0.0	3.0	0.0	0.0	0.0
k141_6497447__full-cat_1	1	False	False	5	1	0	False	0.0	4.0	1.0	0.0	0.0	0.0	0.0
k141_6500475__full-cat_2	2	False	False	7	1	0	False	0.0	7.0	0.0	0.0	0.0	0.0	0.0
k141_6505367__full-cat_2	2	False	False	3	1	0	False	0.0	3.0	0.0	0.0	0.0	0.0	0.0
k141_6512334__full-cat_2	2	False	False	5	3	0	False	0.0	5.0	0.0	0.0	0.0	0.0	0.0
k141_6515129__full-cat_2	2	False	False	6	2	0	False	0.0	6.0	0.0	0.0	0.0	0.0	0.0
k141_6523621__full-cat_2	2	False	False	6	2	0	False	0.0	6.0	0.0	0.0	0.0	0.0	0.0
k141_6525255__full-cat_2	2	False	False	13	6	0	False	0.07692307692307693	12.0	0.0	1.0	0.0	0.0	0.0
k141_6529350__full-cat_2	2	False	False	5	2	0	False	0.0	5.0	0.0	0.0	0.0	0.0	0.0
k141_6534570__full-cat_2	2	False	False	2	0	0	False	0.5	1.0	0.0	1.0	0.0	0.0	0.0
k141_6534696__full-cat_2	2	False	False	4	0	0	False	0.25	3.0	0.0	1.0	0.0	0.0	0.0
k141_6535156__full-cat_2	2	False	False	5	0	0	False	0.0	5.0	0.0	0.0	0.0	0.0	0.0
k141_6539775__full-cat_2	2	False	False	6	0	0	False	0.16666666666666666	5.0	0.0	1.0	0.0	0.0	0.0
k141_6547274__full-cat_2	2	False	False	8	1	0	False	0.0	7.0	0.0	1.0	0.0	0.0	0.0
k141_6551573__full-cat_2	2	False	False	13	0	1	True	0.15384615384615385	8.0	2.0	3.0	0.0	0.0	0.0
k141_6555534__full-cat_1	1	False	False	9	1	0	False	0.0	5.0	4.0	0.0	0.0	0.0	0.0
k141_6576466__full-cat_2	2	False	False	7	4	0	True	0.0	6.0	1.0	0.0	0.0	0.0	0.0
k141_740990__full-cat_1	1	False	False	32	4	1	False	0.0	27.0	3.0	1.0	0.0	1.0	0.0
k141_750219__full-cat_2	2	False	False	6	0	0	False	0.5	3.0	0.0	3.0	0.0	0.0	0.0
k141_7668257__full-cat_1	1	False	False	22	3	0	False	0.0	21.0	1.0	0.0	0.0	0.0	0.0
k141_7672763__full-cat_1	1	False	False	11	2	0	False	0.0	11.0	0.0	0.0	0.0	0.0	0.0
k141_7681605__full-cat_2	2	False	False	4	1	0	False	0.0	4.0	0.0	0.0	0.0	0.0	0.0
k141_7691321__full-cat_2	2	False	False	9	3	0	False	0.0	9.0	0.0	0.0	0.0	0.0	0.0
k141_7702386__full-cat_1	1	False	False	12	0	0	False	0.0	6.0	1.0	4.0	0.0	1.0	0.0
k141_7704970__full-cat_2	2	False	False	9	1	0	False	0.1111111111111111	8.0	0.0	1.0	0.0	0.0	0.0
k141_7706155__full-cat_2	2	False	False	6	0	0	False	0.5	3.0	0.0	3.0	0.0	0.0	0.0
k141_7721327__full-cat_2	2	False	False	15	0	0	False	0.0	14.0	1.0	0.0	0.0	0.0	0.0
k141_7722610__full-cat_2	2	False	False	14	0	1	False	0.14285714285714285	11.0	1.0	2.0	0.0	0.0	0.0
k141_7722848__full-cat_2	2	False	False	8	3	1	False	0.25	4.0	2.0	2.0	0.0	0.0	0.0
k141_7730589__full-cat_2	2	False	False	5	2	0	False	0.0	5.0	0.0	0.0	0.0	0.0	0.0
k141_7730763__full-cat_1	1	False	False	13	2	0	False	0.0	8.0	4.0	1.0	0.0	0.0	0.0
k141_7741163__full-cat_2	2	False	False	7	2	0	False	0.0	7.0	0.0	0.0	0.0	0.0	0.0
k141_7749393__full-cat_1	1	False	False	8	0	0	False	0.0	4.0	2.0	0.0	0.0	2.0	0.0
k141_7754143__full-cat_2	2	False	False	5	0	0	False	0.0	5.0	0.0	0.0	0.0	0.0	0.0
k141_7757284__full-cat_1	1	False	False	9	0	0	False	0.0	5.0	3.0	0.0	0.0	1.0	0.0
k141_7758590__full-cat_2	2	False	False	14	2	0	False	0.0	14.0	0.0	0.0	0.0	0.0	0.0
k141_7761746__full-cat_2	2	False	False	4	0	0	False	0.25	3.0	0.0	1.0	0.0	0.0	0.0
k141_776608__full-cat_2	2	False	False	10	1	0	False	0.0	10.0	0.0	0.0	0.0	0.0	0.0
k141_7766696__full-cat_2	2	False	False	9	1	0	False	0.0	9.0	0.0	0.0	0.0	0.0	0.0
k141_7779165__full-cat_2	2	False	False	6	0	0	False	0.0	5.0	1.0	0.0	0.0	0.0	0.0
k141_7780444__full-cat_1	1	False	False	16	0	0	False	0.0	10.0	2.0	3.0	0.0	1.0	0.0
k141_7795942__full-cat_2	2	False	False	4	1	0	False	0.0	4.0	0.0	0.0	0.0	0.0	0.0
k141_7796123__full-cat_2	2	False	False	16	0	0	False	0.0	16.0	0.0	0.0	0.0	0.0	0.0
k141_7803850__full-cat_2	2	False	False	9	3	0	False	0.1111111111111111	8.0	0.0	1.0	0.0	0.0	0.0
k141_7812709__full-cat_2	2	False	False	10	0	2	False	0.5	3.0	2.0	5.0	0.0	0.0	0.0
k141_7819195__full-cat_2	2	False	False	7	1	1	False	0.0	7.0	0.0	0.0	0.0	0.0	0.0
k141_7828030__full-cat_2	2	False	False	14	3	0	False	0.0	13.0	1.0	0.0	0.0	0.0	0.0
k141_7833309__full-cat_2	2	False	False	14	2	0	False	0.0	13.0	1.0	0.0	0.0	0.0	0.0
k141_7835723__full-cat_2	2	False	False	12	4	0	False	0.0	12.0	0.0	0.0	0.0	0.0	0.0
k141_7845195__full-cat_2	2	False	False	3	0	0	False	0.3333333333333333	0.0	2.0	1.0	0.0	0.0	0.0
k141_7856381__full-cat_1	1	False	False	9	0	0	False	0.0	7.0	0.0	2.0	0.0	0.0	0.0
k141_785880__full-cat_1	1	False	False	5	0	0	False	0.0	5.0	0.0	0.0	0.0	0.0	0.0
k141_7868079__full-cat_2	2	False	False	4	2	0	False	0.0	4.0	0.0	0.0	0.0	0.0	0.0
k141_786877__full-cat_2	2	False	False	16	5	0	False	0.0	16.0	0.0	0.0	0.0	0.0	0.0
k141_787104__full-cat_2	2	False	False	4	0	0	False	0.0	4.0	0.0	0.0	0.0	0.0	0.0
k141_7871269__full-cat_2	2	False	False	4	0	0	False	0.0	4.0	0.0	0.0	0.0	0.0	0.0
k141_7880368__full-cat_2	2	False	False	30	1	0	False	0.0	27.0	2.0	1.0	0.0	0.0	0.0
k141_7890645__full-cat_2	2	False	False	2	0	0	False	0.0	2.0	0.0	0.0	0.0	0.0	0.0
k141_7891426__full-cat_2	2	False	False	8	2	0	False	0.0	8.0	0.0	0.0	0.0	0.0	0.0
k141_7900019__full-cat_2	2	False	False	18	0	0	False	0.2222222222222222	14.0	0.0	4.0	0.0	0.0	0.0
k141_7917036__full-cat_1	1	False	False	10	0	0	False	0.0	10.0	0.0	0.0	0.0	0.0	0.0
k141_7917757__full-cat_2	2	False	False	2	0	0	False	0.0	2.0	0.0	0.0	0.0	0.0	0.0
k141_7934473__full-cat_2	2	False	False	4	1	0	False	0.0	4.0	0.0	0.0	0.0	0.0	0.0
k141_7936532__full-cat_2	2	False	False	4	1	0	False	0.0	4.0	0.0	0.0	0.0	0.0	0.0
k141_7940031__full-cat_2	2	False	False	8	3	0	False	0.0	8.0	0.0	0.0	0.0	0.0	0.0
k141_7940879__full-cat_2	2	False	False	7	2	0	False	0.0	7.0	0.0	0.0	0.0	0.0	0.0
k141_7947355__full-cat_2	2	False	False	20	2	0	False	0.0	17.0	2.0	1.0	0.0	0.0	0.0
k141_7955989__full-cat_2	2	False	False	12	8	0	False	0.0	12.0	0.0	0.0	0.0	0.0	0.0
k141_796047__full-cat_2	2	False	False	7	4	0	False	0.0	7.0	0.0	0.0	0.0	0.0	0.0
k141_7961661__full-cat_2	2	False	False	6	1	0	False	0.3333333333333333	4.0	0.0	2.0	0.0	0.0	0.0
k141_7963323__full-cat_1	1	False	False	3	0	0	False	0.0	3.0	0.0	0.0	0.0	0.0	0.0
k141_808644__full-cat_2	2	False	False	18	1	0	False	0.0	17.0	1.0	0.0	0.0	0.0	0.0
k141_809875__full-cat_1	1	False	False	34	0	0	False	0.0	32.0	1.0	1.0	0.0	0.0	0.0
k141_815545__full-cat_2	2	False	False	5	1	0	False	0.0	4.0	1.0	0.0	0.0	0.0	0.0
k141_818136__full-cat_2	2	False	False	5	1	0	False	0.0	5.0	0.0	0.0	0.0	0.0	0.0
k141_826181__full-cat_2	2	False	False	9	2	0	False	0.1111111111111111	8.0	0.0	1.0	0.0	0.0	0.0
k141_834038__full-cat_2	2	False	False	3	1	0	False	0.0	3.0	0.0	0.0	0.0	0.0	0.0
k141_845454__full-cat_2	2	False	False	5	1	0	False	0.2	4.0	0.0	1.0	0.0	0.0	0.0
k141_846903__full-cat_2	2	False	False	5	1	0	False	0.0	5.0	0.0	0.0	0.0	0.0	0.0
k141_847201__full-cat_2	2	False	False	4	0	0	False	0.0	1.0	3.0	0.0	0.0	0.0	0.0
k141_847844__full-cat_1	1	False	False	18	1	0	False	0.0	14.0	0.0	3.0	1.0	0.0	0.0
k141_855008__full-cat_1	1	False	False	8	0	0	False	0.0	5.0	0.0	2.0	1.0	0.0	0.0
k141_858427__full-cat_2	2	False	False	6	3	0	False	0.0	4.0	2.0	0.0	0.0	0.0	0.0
k141_858844__full-cat_2	2	False	False	3	1	0	False	0.3333333333333333	1.0	1.0	1.0	0.0	0.0	0.0
k141_879529__full-cat_2	2	False	False	6	1	0	False	0.16666666666666666	5.0	0.0	1.0	0.0	0.0	0.0
k141_888573__full-cat_2	2	False	False	2	0	0	False	0.0	2.0	0.0	0.0	0.0	0.0	0.0
k141_892693__full-cat_1	1	False	False	21	2	0	False	0.047619047619047616	18.0	0.0	3.0	0.0	0.0	0.0
k141_895616__full-cat_2	2	False	False	4	2	0	False	0.0	4.0	0.0	0.0	0.0	0.0	0.0
k141_903536__full-cat_2	2	False	False	4	2	0	False	0.0	4.0	0.0	0.0	0.0	0.0	0.0
k141_905461__full-cat_1	1	False	False	12	0	0	False	0.0	9.0	2.0	1.0	0.0	0.0	0.0
k141_9055936__full-cat_2	2	False	False	5	0	0	False	0.0	4.0	0.0	1.0	0.0	0.0	0.0
k141_9060266__full-cat_1	1	False	False	8	1	0	False	0.0	7.0	1.0	0.0	0.0	0.0	0.0
k141_9074034__full-cat_2	2	False	False	6	0	0	False	0.0	5.0	1.0	0.0	0.0	0.0	0.0
k141_9076320__full-cat_2	2	False	False	29	3	0	False	0.0	28.0	0.0	1.0	0.0	0.0	0.0
k141_908079__full-cat_2	2	False	False	8	2	0	False	0.0	6.0	1.0	0.0	1.0	0.0	0.0
k141_9081434__full-cat_1	1	False	False	8	0	0	False	0.0	7.0	1.0	0.0	0.0	0.0	0.0
k141_9093398__full-cat_2	2	False	False	6	2	0	False	0.0	5.0	0.0	1.0	0.0	0.0	0.0
k141_9094159__full-cat_2	2	False	False	12	1	0	False	0.0	12.0	0.0	0.0	0.0	0.0	0.0
k141_9108056__full-cat_2	2	False	False	3	0	0	False	0.0	3.0	0.0	0.0	0.0	0.0	0.0
k141_9115756__full-cat_2	2	False	False	7	5	0	False	0.0	7.0	0.0	0.0	0.0	0.0	0.0
k141_9145195__full-cat_2	2	False	False	13	4	0	False	0.0	12.0	0.0	1.0	0.0	0.0	0.0
k141_9148367__full-cat_2	2	False	False	8	0	0	False	0.0	7.0	1.0	0.0	0.0	0.0	0.0
k141_9149038__full-cat_1	1	False	False	7	2	0	False	0.14285714285714285	5.0	1.0	1.0	0.0	0.0	0.0
k141_9154161__full-cat_2	2	False	False	7	1	0	False	0.0	7.0	0.0	0.0	0.0	0.0	0.0
k141_9159320__full-cat_2	2	False	False	5	0	0	False	0.2	4.0	0.0	1.0	0.0	0.0	0.0
k141_9167672__full-cat_2	2	False	False	3	1	0	False	0.0	3.0	0.0	0.0	0.0	0.0	0.0
k141_9176491__full-cat_2	2	False	False	6	2	0	False	0.0	5.0	1.0	0.0	0.0	0.0	0.0
k141_9179547__full-cat_2	2	False	False	5	0	0	False	0.0	5.0	0.0	0.0	0.0	0.0	0.0
k141_9185840__full-cat_2	2	False	False	12	5	0	False	0.0	11.0	1.0	0.0	0.0	0.0	0.0
k141_918775__full-cat_2	2	False	False	9	2	0	False	0.0	9.0	0.0	0.0	0.0	0.0	0.0
k141_9195882__full-cat_1	1	False	False	6	0	0	False	0.0	5.0	0.0	0.0	0.0	1.0	0.0
k141_9195922__full-cat_2	2	False	False	9	0	0	False	0.0	9.0	0.0	0.0	0.0	0.0	0.0
k141_9200753__full-cat_2	2	False	False	11	1	0	False	0.0	11.0	0.0	0.0	0.0	0.0	0.0
k141_9203395__full-cat_2	2	False	False	7	2	1	False	0.14285714285714285	5.0	1.0	1.0	0.0	0.0	0.0
k141_9212171__full-cat_2	2	False	False	3	0	0	False	0.0	3.0	0.0	0.0	0.0	0.0	0.0
k141_9217818__full-cat_2	2	False	False	4	1	0	False	0.0	4.0	0.0	0.0	0.0	0.0	0.0
k141_9228851__full-cat_2	2	False	False	7	2	0	False	0.0	6.0	1.0	0.0	0.0	0.0	0.0
k141_9236673__full-cat_2	2	False	False	8	4	0	False	0.0	5.0	1.0	0.0	1.0	0.0	1.0
k141_9241478__full-cat_2	2	False	False	5	0	0	False	0.0	5.0	0.0	0.0	0.0	0.0	0.0
k141_9264402__full-cat_2	2	False	False	9	3	0	False	0.1111111111111111	8.0	0.0	1.0	0.0	0.0	0.0
k141_9265503__full-cat_2	2	False	False	15	2	0	False	0.0	14.0	0.0	1.0	0.0	0.0	0.0
k141_926801__full-cat_2	2	False	False	9	3	0	False	0.0	9.0	0.0	0.0	0.0	0.0	0.0
k141_9270218__full-cat_2	2	False	False	5	0	0	False	0.0	5.0	0.0	0.0	0.0	0.0	0.0
k141_9270681__full-cat_1	1	False	False	16	4	0	False	0.0	13.0	3.0	0.0	0.0	0.0	0.0
k141_9273345__full-cat_2	2	False	False	4	2	0	False	0.0	3.0	1.0	0.0	0.0	0.0	0.0
k141_9273964__full-cat_2	2	False	False	4	1	0	False	0.0	4.0	0.0	0.0	0.0	0.0	0.0
k141_9283841__full-cat_1	1	False	False	7	0	0	False	0.0	6.0	0.0	0.0	1.0	0.0	0.0
k141_9285546__full-cat_2	2	False	False	5	0	0	False	0.0	4.0	0.0	0.0	0.0	0.0	1.0
k141_9289157__full-cat_2	2	False	False	10	4	0	False	0.1	8.0	1.0	1.0	0.0	0.0	0.0
k141_9307817__full-cat_2	2	False	False	6	3	0	False	0.0	6.0	0.0	0.0	0.0	0.0	0.0
k141_9308818__full-cat_2	2	False	False	11	4	0	False	0.09090909090909091	10.0	0.0	1.0	0.0	0.0	0.0
k141_9322411__full-cat_2	2	False	False	6	2	0	False	0.0	6.0	0.0	0.0	0.0	0.0	0.0
k141_9333774__full-cat_2	2	False	False	4	0	0	False	0.0	4.0	0.0	0.0	0.0	0.0	0.0
k141_9337779__full-cat_2	2	False	False	11	1	0	False	0.0	10.0	0.0	1.0	0.0	0.0	0.0
k141_9345821__full-cat_1	1	False	False	81	4	3	False	0.04938271604938271	56.0	12.0	10.0	0.0	3.0	0.0
k141_9348364__full-cat_2	2	False	False	5	1	0	False	0.0	5.0	0.0	0.0	0.0	0.0	0.0
k141_9353706__full-cat_2	2	False	False	28	0	0	False	0.0	26.0	2.0	0.0	0.0	0.0	0.0
k141_938354__full-cat_2	2	False	False	4	1	0	False	0.0	4.0	0.0	0.0	0.0	0.0	0.0
k141_954384__full-cat_2	2	False	False	7	2	0	False	0.0	7.0	0.0	0.0	0.0	0.0	0.0
k141_956211__full-cat_2	2	False	False	5	1	0	False	0.0	5.0	0.0	0.0	0.0	0.0	0.0
k141_958820__full-cat_2	2	False	False	6	3	0	False	0.0	5.0	0.0	1.0	0.0	0.0	0.0
k141_964054__full-cat_2	2	False	False	5	2	0	False	0.2	4.0	0.0	1.0	0.0	0.0	0.0
k141_964232__full-cat_2	2	False	False	15	3	2	True	0.06666666666666667	13.0	0.0	2.0	0.0	0.0	0.0
k141_976618__full-cat_2	2	False	False	6	1	0	False	0.0	6.0	0.0	0.0	0.0	0.0	0.0
k141_977512__full-cat_2	2	False	False	6	3	0	False	0.0	5.0	0.0	1.0	0.0	0.0	0.0
k141_979576__full-cat_1	1	False	False	14	0	0	False	0.0	11.0	2.0	1.0	0.0	0.0	0.0
k141_987715__full-cat_2	2	False	False	6	0	0	False	0.0	3.0	2.0	1.0	0.0	0.0	0.0
k141_996632__full-cat_2	2	False	False	15	0	0	False	0.0	13.0	2.0	0.0	0.0	0.0	0.0
k141_999369__full-cat_2	2	False	False	4	0	0	False	0.0	4.0	0.0	0.0	0.0	0.0	0.0
